Gene,HotSpotNearestGene
AT1G01540,Bcin01g01610
AT1G01970,Bcin01g01610
AT1G03160,Bcin01g01610
AT1G03310,Bcin01g01610
AT1G03830,Bcin01g01610
AT1G04420,Bcin01g01610
AT1G06680,Bcin01g01610
AT1G08610,Bcin01g01610
AT1G11860,Bcin01g01610
AT1G12800,Bcin01g01610
AT1G13170,Bcin01g01610
AT1G13980,Bcin01g01610
AT1G14030,Bcin01g01610
AT1G15215,Bcin01g01610
AT1G15290,Bcin01g01610
AT1G15820,Bcin01g01610
AT1G16780,Bcin01g01610
AT1G17220,Bcin01g01610
AT1G19000,Bcin01g01610
AT1G22700,Bcin01g01610
AT1G23740,Bcin01g01610
AT1G24040,Bcin01g01610
AT1G24450,Bcin01g01610
AT1G26230,Bcin01g01610
AT1G26650,Bcin01g01610
AT1G28440,Bcin01g01610
AT1G29700,Bcin01g01610
AT1G30380,Bcin01g01610
AT1G42970,Bcin01g01610
AT1G48350,Bcin01g01610
AT1G50910,Bcin01g01610
AT1G54200,Bcin01g01610
AT1G54350,Bcin01g01610
AT1G54500,Bcin01g01610
AT1G54780,Bcin01g01610
AT1G55360,Bcin01g01610
AT1G55490,Bcin01g01610
AT1G56090,Bcin01g01610
AT1G56230,Bcin01g01610
AT1G56500,Bcin01g01610
AT1G58290,Bcin01g01610
AT1G60000,Bcin01g01610
AT1G60800,Bcin01g01610
AT1G64400,Bcin01g01610
AT1G66430,Bcin01g01610
AT1G68890,Bcin01g01610
AT1G70280,Bcin01g01610
AT1G70940,Bcin01g01610
AT1G72030,Bcin01g01610
AT1G72090,Bcin01g01610
AT1G73885,Bcin01g01610
AT1G75130,Bcin01g01610
AT1G77131,Bcin01g01610
AT1G78060,Bcin01g01610
AT1G79500,Bcin01g01610
AT1G79560,Bcin01g01610
AT2G01080,Bcin01g01610
AT2G03890,Bcin01g01610
AT2G05920,Bcin01g01610
AT2G13440,Bcin01g01610
AT2G17150,Bcin01g01610
AT2G21340,Bcin01g01610
AT2G24270,Bcin01g01610
AT2G24290,Bcin01g01610
AT2G25480,Bcin01g01610
AT2G26730,Bcin01g01610
AT2G27040,Bcin01g01610
AT2G27060,Bcin01g01610
AT2G28000,Bcin01g01610
AT2G28070,Bcin01g01610
AT2G28150,Bcin01g01610
AT2G28550,Bcin01g01610
AT2G29630,Bcin01g01610
AT2G33500,Bcin01g01610
AT2G33800,Bcin01g01610
AT2G35470,Bcin01g01610
AT2G35500,Bcin01g01610
AT2G35780,Bcin01g01610
AT2G35950,Bcin01g01610
AT2G36000,Bcin01g01610
AT2G36145,Bcin01g01610
AT2G36350,Bcin01g01610
AT2G36390,Bcin01g01610
AT2G36990,Bcin01g01610
AT2G37050,Bcin01g01610
AT2G37330,Bcin01g01610
AT2G37790,Bcin01g01610
AT2G37860,Bcin01g01610
AT2G38630,Bcin01g01610
AT2G39670,Bcin01g01610
AT2G39930,Bcin01g01610
AT2G40640,Bcin01g01610
AT2G42600,Bcin01g01610
AT2G43800,Bcin01g01610
AT2G44640,Bcin01g01610
AT2G45340,Bcin01g01610
AT2G47450,Bcin01g01610
AT2G47590,Bcin01g01610
AT3G01480,Bcin01g01610
AT3G02060,Bcin01g01610
AT3G02250,Bcin01g01610
AT3G02690,Bcin01g01610
AT3G04340,Bcin01g01610
AT3G05910,Bcin01g01610
AT3G06430,Bcin01g01610
AT3G06440,Bcin01g01610
AT3G06570,Bcin01g01610
AT3G07410,Bcin01g01610
AT3G07670,Bcin01g01610
AT3G07990,Bcin01g01610
AT3G08680,Bcin01g01610
AT3G10160,Bcin01g01610
AT3G12690,Bcin01g01610
AT3G12780,Bcin01g01610
AT3G13510,Bcin01g01610
AT3G14120,Bcin01g01610
AT3G14240,Bcin01g01610
AT3G14650,Bcin01g01610
AT3G15480,Bcin01g01610
AT3G16290,Bcin01g01610
AT3G17330,Bcin01g01610
AT3G18050,Bcin01g01610
AT3G18110,Bcin01g01610
AT3G18160,Bcin01g01610
AT3G18490,Bcin01g01610
AT3G18680,Bcin01g01610
AT3G18890,Bcin01g01610
AT3G19120,Bcin01g01610
AT3G19720,Bcin01g01610
AT3G19820,Bcin01g01610
AT3G20100,Bcin01g01610
AT3G22780,Bcin01g01610
AT3G24660,Bcin01g01610
AT3G26300,Bcin01g01610
AT3G29320,Bcin01g01610
AT3G46550,Bcin01g01610
AT3G46780,Bcin01g01610
AT3G46970,Bcin01g01610
AT3G47650,Bcin01g01610
AT3G49290,Bcin01g01610
AT3G49500,Bcin01g01610
AT3G52750,Bcin01g01610
AT3G52940,Bcin01g01610
AT3G55800,Bcin01g01610
AT3G56130,Bcin01g01610
AT3G56370,Bcin01g01610
AT3G56940,Bcin01g01610
AT3G56960,Bcin01g01610
AT3G58690,Bcin01g01610
AT3G59400,Bcin01g01610
AT3G59780,Bcin01g01610
AT3G62110,Bcin01g01610
AT3G63140,Bcin01g01610
AT4G00150,Bcin01g01610
AT4G00520,Bcin01g01610
AT4G01030,Bcin01g01610
AT4G01050,Bcin01g01610
AT4G03150,Bcin01g01610
AT4G04340,Bcin01g01610
AT4G04640,Bcin01g01610
AT4G04850,Bcin01g01610
AT4G04890,Bcin01g01610
AT4G05180,Bcin01g01610
AT4G13990,Bcin01g01610
AT4G14605,Bcin01g01610
AT4G16400,Bcin01g01610
AT4G18060,Bcin01g01610
AT4G18370,Bcin01g01610
AT4G18480,Bcin01g01610
AT4G20130,Bcin01g01610
AT4G20310,Bcin01g01610
AT4G22130,Bcin01g01610
AT4G23790,Bcin01g01610
AT4G26620,Bcin01g01610
AT4G26760,Bcin01g01610
AT4G27440,Bcin01g01610
AT4G30020,Bcin01g01610
AT4G32410,Bcin01g01610
AT4G37480,Bcin01g01610
AT4G39040,Bcin01g01610
AT4G39400,Bcin01g01610
AT5G01590,Bcin01g01610
AT5G04110,Bcin01g01610
AT5G06510,Bcin01g01610
AT5G08400,Bcin01g01610
AT5G10690,Bcin01g01610
AT5G11450,Bcin01g01610
AT5G11580,Bcin01g01610
AT5G12150,Bcin01g01610
AT5G13630,Bcin01g01610
AT5G16715,Bcin01g01610
AT5G16810,Bcin01g01610
AT5G17600,Bcin01g01610
AT5G19670,Bcin01g01610
AT5G23060,Bcin01g01610
AT5G23310,Bcin01g01610
AT5G24300,Bcin01g01610
AT5G24310,Bcin01g01610
AT5G26570,Bcin01g01610
AT5G33280,Bcin01g01610
AT5G36170,Bcin01g01610
AT5G39410,Bcin01g01610
AT5G39830,Bcin01g01610
AT5G42480,Bcin01g01610
AT5G43600,Bcin01g01610
AT5G44530,Bcin01g01610
AT5G44650,Bcin01g01610
AT5G46390,Bcin01g01610
AT5G47630,Bcin01g01610
AT5G47800,Bcin01g01610
AT5G50375,Bcin01g01610
AT5G51820,Bcin01g01610
AT5G54770,Bcin01g01610
AT5G57030,Bcin01g01610
AT5G58250,Bcin01g01610
AT5G59010,Bcin01g01610
AT5G66190,Bcin01g01610
AT5G66420,Bcin01g01610
AT5G66470,Bcin01g01610
AT1G01050,Bcin10g05900
AT1G07720,Bcin10g05900
AT1G08180,Bcin10g05900
AT1G10380,Bcin10g05900
AT1G11150,Bcin10g05900
AT1G17370,Bcin10g05900
AT1G17940,Bcin10g05900
AT1G18610,Bcin10g05900
AT1G20560,Bcin10g05900
AT1G21780,Bcin10g05900
AT1G22750,Bcin10g05900
AT1G25145,Bcin10g05900
AT1G27950,Bcin10g05900
AT1G36070,Bcin10g05900
AT1G36160,Bcin10g05900
AT1G42960,Bcin10g05900
AT1G45249,Bcin10g05900
AT1G53280,Bcin10g05900
AT1G56580,Bcin10g05900
AT1G62050,Bcin10g05900
AT1G62250,Bcin10g05900
AT1G67300,Bcin10g05900
AT1G67660,Bcin10g05900
AT1G68080,Bcin10g05900
AT1G68530,Bcin10g05900
AT1G69295,Bcin10g05900
AT1G74410,Bcin10g05900
AT1G76860,Bcin10g05900
AT1G78882,Bcin10g05900
AT1G79630,Bcin10g05900
AT1G80030,Bcin10g05900
AT2G01110,Bcin10g05900
AT2G20100,Bcin10g05900
AT2G20724,Bcin10g05900
AT2G21170,Bcin10g05900
AT2G22080,Bcin10g05900
AT2G23980,Bcin10g05900
AT2G30700,Bcin10g05900
AT2G32810,Bcin10g05900
AT2G36910,Bcin10g05900
AT2G39940,Bcin10g05900
AT2G40920,Bcin10g05900
AT2G43710,Bcin10g05900
AT2G44940,Bcin10g05900
AT2G45960,Bcin10g05900
AT2G45990,Bcin10g05900
AT2G46270,Bcin10g05900
AT2G46920,Bcin10g05900
AT2G47850,Bcin10g05900
AT3G01590,Bcin10g05900
AT3G02540,Bcin10g05900
AT3G04020,Bcin10g05900
AT3G05935,Bcin10g05900
AT3G11670,Bcin10g05900
AT3G13040,Bcin10g05900
AT3G15350,Bcin10g05900
AT3G15410,Bcin10g05900
AT3G15940,Bcin10g05900
AT3G16200,Bcin10g05900
AT3G19290,Bcin10g05900
AT3G20300,Bcin10g05900
AT3G23910,Bcin10g05900
AT5G20380,Bcin10g05900
AT3G28730,Bcin10g05900
AT3G44020,Bcin10g05900
AT3G51980,Bcin10g05900
AT3G53420,Bcin10g05900
AT3G54020,Bcin10g05900
AT3G54200,Bcin10g05900
AT3G55005,Bcin10g05900
AT3G55610,Bcin10g05900
AT3G58670,Bcin10g05900
AT3G61420,Bcin10g05900
AT3G61890,Bcin10g05900
AT3G62660,Bcin10g05900
AT3G62700,Bcin10g05900
AT3G62800,Bcin10g05900
AT4G00040,Bcin10g05900
AT4G12310,Bcin10g05900
AT4G12460,Bcin10g05900
AT4G15110,Bcin10g05900
AT4G16180,Bcin10g05900
AT4G16765,Bcin10g05900
AT4G23630,Bcin10g05900
AT4G25290,Bcin10g05900
AT4G30960,Bcin10g05900
AT4G31590,Bcin10g05900
AT4G33700,Bcin10g05900
AT4G34000,Bcin10g05900
AT4G36190,Bcin10g05900
AT4G37270,Bcin10g05900
AT4G38730,Bcin10g05900
AT4G39100,Bcin10g05900
AT4G39730,Bcin10g05900
AT5G03190,Bcin10g05900
AT5G06280,Bcin10g05900
AT5G08410,Bcin10g05900
AT5G12140,Bcin10g05900
AT5G16990,Bcin10g05900
AT5G17550,Bcin10g05900
AT5G19840,Bcin10g05900
AT5G20070,Bcin10g05900
AT5G65840,Bcin10g05900
AT5G23410,Bcin10g05900
AT5G37360,Bcin10g05900
AT5G41850,Bcin10g05900
AT5G42990,Bcin10g05900
AT5G43150,Bcin10g05900
AT5G47650,Bcin10g05900
AT5G47760,Bcin10g05900
AT5G59800,Bcin10g05900
AT5G60980,Bcin10g05900
AT5G62940,Bcin10g05900
AT5G63860,Bcin10g05900
AT5G64280,Bcin10g05900
AT5G66050,Bcin10g05900
AT5G67130,Bcin10g05900
AT3G24770,Bcin10g00940
AT3G19580,Bcin12g00330
AT3G43300,Bcin12g00330
AT5G64220,Bcin12g00330
AT2G34670,Bcin12g00330
AT2G41740,Bcin12g02130
AT2G38360,Bcin12g02130
AT5G27760,Bcin12g02130
AT1G08800,Bcin12g02130
AT5G54860,Bcin12g02130
AT5G62620,Bcin12g02130
AT5G02490,Bcin12g02130
AT3G23530,Bcin12g02130
AT4G12250,Bcin12g02130
AT4G25030,Bcin12g02130
AT3G23150,Bcin12g02130
AT4G29670,Bcin12g02130
AT5G47140,Bcin12g02130
AT4G27070,Bcin12g02130
AT3G15060,Bcin12g02130
AT2G16900,Bcin12g02130
AT5G41990,Bcin12g02130
AT4G18950,Bcin12g02130
AT1G11200,Bcin12g02130
AT4G38940,Bcin12g02130
ATMG00160,Bcin12g02130
AT4G17070,Bcin12g02130
AT3G57380,Bcin12g02130
AT1G71100,Bcin12g02130
AT1G77840,Bcin12g02130
AT2G29660,Bcin12g02130
AT4G36480,Bcin12g02130
AT5G62180,Bcin12g02130
AT5G39320,Bcin12g02130
AT3G56200,Bcin12g02130
AT4G02940,Bcin12g02130
AT1G15430,Bcin12g02130
AT3G52540,Bcin12g02130
AT5G13280,Bcin12g02130
AT4G04610,Bcin12g02130
AT2G30020,Bcin12g02130
AT5G13420,Bcin12g02130
AT4G15610,Bcin12g02130
AT2G18690,Bcin12g02130
AT2G41110,Bcin12g02130
AT4G34135,Bcin12g02130
AT3G55430,Bcin12g02130
AT1G26910,Bcin12g02130
AT3G05390,Bcin12g02130
AT2G05260,Bcin12g02130
AT3G13100,Bcin12g02130
AT4G24160,Bcin12g02130
AT5G44380,Bcin12g02130
AT1G07630,Bcin12g02130
AT2G15490,Bcin12g02130
AT2G13650,Bcin12g02130
AT5G61780,Bcin12g02130
AT1G77670,Bcin12g02130
AT2G24050,Bcin12g02130
AT5G26680,Bcin12g02130
AT5G02100,Bcin12g02130
AT1G79410,Bcin12g02130
AT2G32235,Bcin12g02130
AT2G30060,Bcin12g02130
AT2G27500,Bcin12g02130
AT2G26310,Bcin12g02130
AT3G22890,Bcin12g02130
AT1G76600,Bcin12g02130
AT2G30870,Bcin12g02130
AT3G19130,Bcin12g02130
AT1G19360,Bcin12g02130
AT1G24180,Bcin12g02130
AT3G07810,Bcin12g02130
AT5G39090,Bcin12g02130
AT5G12930,Bcin12g02130
AT5G55200,Bcin12g02130
AT2G34070,Bcin12g02130
AT3G09440,Bcin12g02130
AT1G63220,Bcin12g02130
AT2G34500,Bcin12g02130
AT5G56010,Bcin12g02130
AT4G13920,Bcin12g02130
AT2G44070,Bcin12g02130
AT5G54650,Bcin12g02130
AT3G10640,Bcin12g02130
AT1G02920,Bcin12g02130
AT2G24100,Bcin12g02130
AT1G30270,Bcin12g02130
AT2G36950,Bcin12g02130
AT5G59550,Bcin12g02130
AT1G05680,Bcin12g02130
AT1G68410,Bcin12g02130
AT4G33430,Bcin12g02130
AT4G35080,Bcin12g02130
AT1G56140,Bcin12g02130
AT1G70630,Bcin12g02130
AT3G07080,Bcin12g02130
AT4G33770,Bcin12g02130
AT3G20860,Bcin12g02130
AT5G26667,Bcin12g02130
AT1G09630,Bcin12g02130
AT1G27760,Bcin12g02130
AT5G54170,Bcin12g02130
AT5G67510,Bcin12g02130
AT4G17720,Bcin12g02130
AT3G44110,Bcin12g02130
AT5G15640,Bcin12g02130
AT3G16270,Bcin12g02130
AT1G18480,Bcin12g02130
AT5G49480,Bcin12g02130
AT3G48890,Bcin12g02130
AT1G63090,Bcin12g02130
AT3G09570,Bcin12g02130
AT3G06300,Bcin12g02130
AT3G16760,Bcin12g02130
AT1G54820,Bcin12g02130
AT3G50260,Bcin12g02130
AT1G05010,Bcin12g02130
AT1G08290,Bcin12g02130
AT3G62590,Bcin12g02130
AT1G13340,Bcin12g02130
AT1G73080,Bcin12g02130
AT3G26932,Bcin12g02130
AT3G15356,Bcin12g02130
AT1G19180,Bcin12g02130
AT1G72800,Bcin12g02130
AT1G68820,Bcin12g02130
AT3G46660,Bcin12g02130
AT2G24490,Bcin12g02130
AT1G25083,Bcin12g02130
AT3G26830,Bcin12g02130
AT3G51860,Bcin12g02130
AT4G24830,Bcin12g02130
AT1G67810,Bcin12g02130
AT1G79930,Bcin12g02130
AT1G04970,Bcin12g02130
AT3G26090,Bcin12g02130
AT2G29470,Bcin12g02130
AT4G01360,Bcin12g02130
AT4G15955,Bcin12g02130
AT4G16260,Bcin12g02130
AT3G46658,Bcin12g02130
AT4G16680,Bcin12g02130
AT1G73810,Bcin12g02130
AT1G51710,Bcin12g02130
AT4G13500,Bcin12g02130
AT1G64142,Bcin12g02130
AT4G35630,Bcin12g02130
AT3G44860,Bcin12g02130
AT4G00550,Bcin12g02130
AT4G18740,Bcin12g02130
AT4G08510,Bcin12g02130
AT2G31945,Bcin12g02130
AT4G01870,Bcin12g02130
AT2G45570,Bcin12g02130
AT1G11580,Bcin12g02130
AT1G30620,Bcin12g02130
AT4G22470,Bcin12g02130
AT2G06050,Bcin12g02130
AT3G53180,Bcin12g02130
AT1G07810,Bcin12g02130
AT2G23170,Bcin12g02130
AT3G59140,Bcin12g02130
AT2G34810,Bcin12g02130
AT4G18800,Bcin12g02130
AT1G03060,Bcin12g02130
AT5G20230,Bcin12g02130
AT5G20830,Bcin12g02130
AT3G26840,Bcin12g02130
AT1G66700,Bcin12g02130
AT2G25680,Bcin12g02130
AT4G22920,Bcin12g02130
AT1G51760,Bcin12g02130
AT5G10520,Bcin12g02130
AT5G01210,Bcin12g02130
AT4G18360,Bcin12g02130
AT1G70700,Bcin12g02130
AT4G28600,Bcin12g02130
AT1G52890,Bcin12g02130
AT3G45160,Bcin12g02130
AT5G27300,Bcin12g02130
AT1G54130,Bcin12g02130
AT4G30780,Bcin12g02130
AT2G41940,Bcin12g02130
AT1G68620,Bcin12g02130
AT4G12735,Bcin12g02130
AT1G64140,Bcin12g02130
AT5G19550,Bcin12g02130
ATMG01080,Bcin12g02130
AT3G49110,Bcin12g02130
AT3G49120,Bcin12g02130
AT3G49210,Bcin12g02130
AT2G44970,Bcin12g02130
AT4G34200,Bcin12g02130
AT5G05600,Bcin12g02130
AT4G02350,Bcin12g02130
AT5G40460,Bcin12g02130
AT4G34590,Bcin12g02130
AT2G46170,Bcin12g02130
AT5G50370,Bcin12g02130
AT1G17380,Bcin12g02130
AT2G29350,Bcin12g02130
AT2G47650,Bcin12g02130
AT5G44480,Bcin12g02130
AT1G44800,Bcin12g02130
AT4G36270,Bcin12g02130
AT2G03750,Bcin12g02130
AT2G04040,Bcin12g02130
AT2G04050,Bcin12g02130
AT3G56160,Bcin12g02130
AT2G37750,Bcin12g02130
AT5G49520,Bcin12g02130
AT2G43000,Bcin12g02130
AT5G13220,Bcin12g02130
AT1G17020,Bcin12g02130
AT3G44300,Bcin12g02130
AT3G04720,Bcin12g02130
AT5G01215,Bcin12g02130
AT2G15760,Bcin12g02130
AT3G60130,Bcin12g02130
AT2G16430,Bcin12g02130
AT4G30260,Bcin12g02130
AT2G16660,Bcin12g02130
AT5G53750,Bcin12g02130
AT2G30140,Bcin12g02130
AT5G22350,Bcin12g02130
AT5G54145,Bcin12g02130
AT5G13330,Bcin12g02130
AT2G30790,Bcin12g02130
AT2G17720,Bcin12g02130
AT1G29290,Bcin12g02130
AT2G18000,Bcin12g02130
AT4G00900,Bcin12g02130
AT5G04980,Bcin12g02130
AT1G10657,Bcin12g02130
AT4G34390,Bcin12g02130
AT5G05730,Bcin12g02130
AT3G09090,Bcin12g02130
AT1G30700,Bcin12g02130
AT4G34890,Bcin12g02130
AT2G22010,Bcin12g02130
AT3G10050,Bcin12g02130
AT3G10320,Bcin12g02130
AT2G23150,Bcin12g02130
AT5G11420,Bcin12g02130
AT5G57480,Bcin12g02130
AT5G11650,Bcin12g02130
AT4G09030,Bcin12g02130
AT5G12010,Bcin12g02130
AT3G12510,Bcin12g02130
AT2G24500,Bcin12g02130
AT5G59662,Bcin12g02130
AT3G04010,Bcin12g02130
AT4G17230,Bcin12g02130
AT4G13395,Bcin12g02130
AT5G61160,Bcin12g02130
AT3G13330,Bcin12g02130
AT4G14950,Bcin12g02130
AT3G14020,Bcin12g02130
AT3G14050,Bcin12g02130
AT5G13760,Bcin12g02130
AT5G13820,Bcin12g02130
AT5G62680,Bcin12g02130
AT3G15500,Bcin12g02130
AT2G42010,Bcin12g02130
AT3G16530,Bcin12g02130
AT5G18400,Bcin12g02130
AT3G06500,Bcin12g02130
AT2G30770,Bcin12g02130
AT3G17770,Bcin12g02130
AT2G19450,Bcin12g02130
AT5G17020,Bcin12g02130
AT5G66100,Bcin12g02130
AT5G67310,Bcin12g02130
AT3G22160,Bcin12g02130
AT5G54960,Bcin12g02130
AT3G21260,Bcin12g02130
AT4G24000,Bcin12g02130
AT1G63440,Bcin12g02130
AT1G15520,Bcin12g02130
AT1G01340,Bcin12g02340
AT1G02170,Bcin12g02340
AT3G24170,Bcin12g02340
AT1G02930,Bcin12g02340
AT1G65840,Bcin12g02340
AT1G04340,Bcin12g02340
AT1G66680,Bcin12g02340
AT1G04980,Bcin12g02340
AT3G27240,Bcin12g02340
AT3G27380,Bcin12g02340
AT1G06180,Bcin12g02340
AT1G06290,Bcin12g02340
AT1G06620,Bcin12g02340
AT1G07140,Bcin12g02340
AT3G44720,Bcin12g02340
AT1G70780,Bcin12g02340
AT1G07890,Bcin12g02340
AT1G08250,Bcin12g02340
AT3G45620,Bcin12g02340
AT3G46130,Bcin12g02340
AT1G09070,Bcin12g02340
AT1G09210,Bcin12g02340
AT1G09270,Bcin12g02340
AT1G09330,Bcin12g02340
AT1G09560,Bcin12g02340
AT1G75270,Bcin12g02340
AT1G09780,Bcin12g02340
AT1G09970,Bcin12g02340
AT1G10040,Bcin12g02340
AT1G10290,Bcin12g02340
AT1G10410,Bcin12g02340
AT1G10630,Bcin12g02340
AT3G50900,Bcin12g02340
AT3G50910,Bcin12g02340
AT3G51160,Bcin12g02340
AT3G51460,Bcin12g02340
AT1G15110,Bcin12g02340
AT1G80300,Bcin12g02340
AT1G80950,Bcin12g02340
AT3G52930,Bcin12g02340
AT2G01480,Bcin12g02340
AT1G18210,Bcin12g02340
AT3G54110,Bcin12g02340
AT1G18900,Bcin12g02340
AT3G55410,Bcin12g02340
AT4G36988,Bcin12g02340
AT1G19670,Bcin12g02340
AT1G20200,Bcin12g02340
AT1G20510,Bcin12g02340
AT1G21900,Bcin12g02340
AT1G22020,Bcin12g02340
AT1G22400,Bcin12g02340
AT1G22410,Bcin12g02340
AT1G23050,Bcin12g02340
AT1G23440,Bcin12g02340
AT1G23490,Bcin12g02340
AT1G23830,Bcin12g02340
AT2G16280,Bcin12g02340
AT3G60160,Bcin12g02340
AT1G25370,Bcin12g02340
AT3G60720,Bcin12g02340
AT1G27000,Bcin12g02340
AT1G27130,Bcin12g02340
AT3G62830,Bcin12g02340
AT1G27970,Bcin12g02340
AT1G28210,Bcin12g02340
AT1G28320,Bcin12g02340
AT1G29120,Bcin12g02340
AT1G29150,Bcin12g02340
AT5G04920,Bcin12g02340
AT1G29310,Bcin12g02340
AT1G29330,Bcin12g02340
AT1G29460,Bcin12g02340
AT3G08640,Bcin12g02340
AT1G30400,Bcin12g02340
AT4G02520,Bcin12g02340
AT2G20760,Bcin12g02340
AT1G32380,Bcin12g02340
AT1G32460,Bcin12g02340
AT1G32940,Bcin12g02340
AT1G37130,Bcin12g02340
AT1G42990,Bcin12g02340
AT1G43690,Bcin12g02340
AT1G44170,Bcin12g02340
AT1G44350,Bcin12g02340
AT5G11670,Bcin12g02340
AT1G45145,Bcin12g02340
AT1G47820,Bcin12g02340
AT1G48370,Bcin12g02340
AT1G48850,Bcin12g02340
AT1G49130,Bcin12g02340
AT1G50740,Bcin12g02340
AT2G27510,Bcin12g02340
AT2G28320,Bcin12g02340
AT1G51980,Bcin12g02340
AT1G52080,Bcin12g02340
AT1G52565,Bcin12g02340
AT5G13550,Bcin12g02340
AT1G53250,Bcin12g02340
AT1G53760,Bcin12g02340
AT1G54030,Bcin12g02340
AT2G30050,Bcin12g02340
AT1G54270,Bcin12g02340
AT1G54700,Bcin12g02340
AT2G30360,Bcin12g02340
AT1G54990,Bcin12g02340
AT1G55920,Bcin12g02340
AT4G18010,Bcin12g02340
AT1G56340,Bcin12g02340
AT1G57630,Bcin12g02340
AT1G59710,Bcin12g02340
AT1G59820,Bcin12g02340
AT1G60730,Bcin12g02340
AT1G60740,Bcin12g02340
AT1G61250,Bcin12g02340
AT1G61740,Bcin12g02340
AT1G62380,Bcin12g02340
AT1G62790,Bcin12g02340
AT4G23100,Bcin12g02340
AT5G19000,Bcin12g02340
AT2G34660,Bcin12g02340
AT5G19440,Bcin12g02340
AT5G19855,Bcin12g02340
AT1G65690,Bcin12g02340
AT1G65820,Bcin12g02340
AT2G36580,Bcin12g02340
AT1G66580,Bcin12g02340
AT5G20910,Bcin12g02340
AT2G37110,Bcin12g02340
AT4G27585,Bcin12g02340
AT4G27595,Bcin12g02340
AT4G27830,Bcin12g02340
AT4G27960,Bcin12g02340
AT1G69870,Bcin12g02340
AT4G28370,Bcin12g02340
AT4G28490,Bcin12g02340
AT2G40730,Bcin12g02340
AT1G70782,Bcin12g02340
AT3G45040,Bcin12g02340
AT1G72120,Bcin12g02340
AT1G72470,Bcin12g02340
AT2G41830,Bcin12g02340
AT4G30890,Bcin12g02340
AT4G31300,Bcin12g02340
AT1G74950,Bcin12g02340
AT1G75170,Bcin12g02340
AT2G43020,Bcin12g02340
AT1G75450,Bcin12g02340
AT4G33920,Bcin12g02340
AT1G76970,Bcin12g02340
AT1G77500,Bcin12g02340
AT5G38900,Bcin12g02340
AT2G45070,Bcin12g02340
AT1G78380,Bcin12g02340
AT1G78570,Bcin12g02340
AT4G34588,Bcin12g02340
AT1G79450,Bcin12g02340
AT4G34710,Bcin12g02340
AT2G46500,Bcin12g02340
AT2G47190,Bcin12g02340
AT2G01330,Bcin12g02340
AT4G35110,Bcin12g02340
AT2G02810,Bcin12g02340
AT2G02860,Bcin12g02340
AT2G03120,Bcin12g02340
AT3G01640,Bcin12g02340
AT3G02230,Bcin12g02340
AT4G36990,Bcin12g02340
AT2G04400,Bcin12g02340
AT4G37370,Bcin12g02340
AT2G05710,Bcin12g02340
AT2G05940,Bcin12g02340
AT4G39670,Bcin12g02340
AT2G11520,Bcin12g02340
AT4G39990,Bcin12g02340
AT2G15220,Bcin12g02340
AT3G05050,Bcin12g02340
AT5G01250,Bcin12g02340
AT3G05230,Bcin12g02340
AT5G01810,Bcin12g02340
AT2G16510,Bcin12g02340
AT3G05500,Bcin12g02340
AT3G05545,Bcin12g02340
AT2G16950,Bcin12g02340
AT2G17130,Bcin12g02340
AT2G17290,Bcin12g02340
AT2G17420,Bcin12g02340
AT2G17500,Bcin12g02340
AT5G04340,Bcin12g02340
AT2G17760,Bcin12g02340
AT3G07720,Bcin12g02340
AT2G18090,Bcin12g02340
AT3G08580,Bcin12g02340
AT2G19160,Bcin12g02340
AT4G01810,Bcin12g02340
AT2G20010,Bcin12g02340
AT2G20420,Bcin12g02340
AT5G55500,Bcin12g02340
AT2G20950,Bcin12g02340
AT2G21190,Bcin12g02340
AT2G21620,Bcin12g02340
AT5G56350,Bcin12g02340
AT5G10840,Bcin12g02340
AT5G57060,Bcin12g02340
AT2G23810,Bcin12g02340
AT3G11200,Bcin12g02340
AT3G11320,Bcin12g02340
AT2G24200,Bcin12g02340
AT5G12890,Bcin12g02340
AT3G12740,Bcin12g02340
AT5G13110,Bcin12g02340
AT5G13190,Bcin12g02340
AT5G60750,Bcin12g02340
AT3G13110,Bcin12g02340
AT3G13310,Bcin12g02340
AT5G13370,Bcin12g02340
AT2G29460,Bcin12g02340
AT5G13490,Bcin12g02340
AT5G62020,Bcin12g02340
AT2G29990,Bcin12g02340
AT2G41420,Bcin12g02340
AT2G30040,Bcin12g02340
AT5G62865,Bcin12g02340
AT5G14420,Bcin12g02340
AT5G15090,Bcin12g02340
AT5G63680,Bcin12g02340
AT2G30550,Bcin12g02340
AT5G16510,Bcin12g02340
AT5G16720,Bcin12g02340
AT5G16910,Bcin12g02340
AT2G31390,Bcin12g02340
AT2G31400,Bcin12g02340
AT5G17380,Bcin12g02340
AT2G31955,Bcin12g02340
AT2G32140,Bcin12g02340
AT5G17990,Bcin12g02340
AT2G33700,Bcin12g02340
AT5G18150,Bcin12g02340
AT2G34250,Bcin12g02340
AT2G34355,Bcin12g02340
AT5G67600,Bcin12g02340
AT3G22950,Bcin12g02340
AT5G42350,Bcin12g02340
AT2G47800,Bcin12g02340
AT2G36300,Bcin12g02340
AT2G36530,Bcin12g02340
AT3G24550,Bcin12g02340
AT2G36880,Bcin12g02340
AT4G26940,Bcin12g02340
AT4G26970,Bcin12g02340
AT5G22060,Bcin12g02340
AT2G37760,Bcin12g02340
AT2G37770,Bcin12g02340
AT5G22780,Bcin12g02340
AT2G38610,Bcin12g02340
AT2G39650,Bcin12g02340
AT2G39970,Bcin12g02340
AT5G24810,Bcin12g02340
AT2G40820,Bcin12g02340
AT4G29210,Bcin12g02340
AT3G05360,Bcin12g02340
AT5G27520,Bcin12g02340
AT3G60200,Bcin12g02340
AT5G27600,Bcin12g02340
AT5G28050,Bcin12g02340
AT2G42520,Bcin12g02340
AT5G29000,Bcin12g02340
AT3G48850,Bcin12g02340
AT2G43320,Bcin12g02340
AT5G35735,Bcin12g02340
AT2G44350,Bcin12g02340
AT2G44520,Bcin12g02340
AT4G34131,Bcin12g02340
AT3G49390,Bcin12g02340
AT2G45290,Bcin12g02340
AT2G45300,Bcin12g02340
AT3G08760,Bcin12g02340
AT2G45680,Bcin12g02340
AT5G41690,Bcin12g02340
AT3G51790,Bcin12g02340
AT5G41992,Bcin12g02340
AT2G47510,Bcin12g02340
AT4G03550,Bcin12g02340
AT3G10500,Bcin12g02340
AT3G01120,Bcin12g02340
AT3G01142,Bcin12g02340
AT3G54640,Bcin12g02340
AT5G57890,Bcin12g02340
AT3G02360,Bcin12g02340
AT3G02520,Bcin12g02340
AT3G02875,Bcin12g02340
AT3G02880,Bcin12g02340
AT3G04000,Bcin12g02340
AT3G57280,Bcin12g02340
AT3G04080,Bcin12g02340
AT3G04120,Bcin12g02340
AT5G51070,Bcin12g02340
AT3G58975,Bcin12g02340
AT3G05200,Bcin12g02340
AT3G59760,Bcin12g02340
AT3G14990,Bcin12g02340
AT5G52450,Bcin12g02340
AT4G29810,Bcin12g02340
AT5G53120,Bcin12g02340
AT3G05710,Bcin12g02340
AT5G54110,Bcin12g02340
AT3G06350,Bcin12g02340
AT3G63010,Bcin12g02340
AT3G06860,Bcin12g02340
AT5G54590,Bcin12g02340
AT3G07480,Bcin12g02340
AT4G00380,Bcin12g02340
AT5G54840,Bcin12g02340
AT5G04930,Bcin12g02340
AT3G08630,Bcin12g02340
AT5G05340,Bcin12g02340
AT5G67300,Bcin12g02340
AT5G55070,Bcin12g02340
AT5G07350,Bcin12g02340
AT5G55560,Bcin12g02340
AT3G09810,Bcin12g02340
AT4G03450,Bcin12g02340
AT5G42020,Bcin12g02340
AT5G10150,Bcin12g02340
AT4G04800,Bcin12g02340
AT3G10985,Bcin12g02340
AT4G08390,Bcin12g02340
AT4G25672,Bcin12g02340
AT3G11330,Bcin12g02340
AT5G58620,Bcin12g02340
AT4G11380,Bcin12g02340
AT3G12800,Bcin12g02340
AT3G13050,Bcin12g02340
AT4G12300,Bcin12g02340
AT3G29360,Bcin12g02340
AT5G61010,Bcin12g02340
AT5G61520,Bcin12g02340
AT3G13930,Bcin12g02340
AT5G61790,Bcin12g02340
AT4G15120,Bcin12g02340
AT5G51640,Bcin12g02340
AT5G01340,Bcin12g02340
AT5G52050,Bcin12g02340
AT4G16670,Bcin12g02340
AT5G63130,Bcin12g02340
AT5G63490,Bcin12g02340
AT3G46670,Bcin12g02340
AT3G17240,Bcin12g02340
AT3G17250,Bcin12g02340
AT5G64020,Bcin12g02340
AT3G18830,Bcin12g02340
AT3G18950,Bcin12g02340
AT5G64310,Bcin12g02340
AT5G66120,Bcin12g02340
AT3G20800,Bcin12g02340
AT5G66760,Bcin12g02340
AT4G34230,Bcin12g02340
AT3G21690,Bcin12g02340
AT5G67480,Bcin12g02340
AT3G22370,Bcin12g02340
AT3G22600,Bcin12g02340
AT5G18480,Bcin12g02340
AT5G08300,Bcin12g02340
AT5G55610,Bcin12g02340
AT4G35260,Bcin12g02340
AT3G23570,Bcin12g02340
AT4G25230,Bcin12g02340
AT5G45410,Bcin12g02340
AT4G25700,Bcin12g02340
AT5G47200,Bcin12g02340
AT3G55620,Bcin12g02340
AT5G21990,Bcin12g02340
AT4G11590,Bcin12g02340
AT5G22300,Bcin12g02340
AT5G49570,Bcin12g02340
AT5G03630,Bcin12g02340
AT4G28060,Bcin12g02340
AT5G24430,Bcin12g02340
AT5G50960,Bcin12g02340
AT5G26340,Bcin12g02340
AT5G38530,Bcin12g02340
AT5G17280,Bcin12g02340
AT5G51830,Bcin12g02340
AT5G01850,Bcin12g02340
AT5G14040,Bcin12g02340
AT5G14310,Bcin12g02340
AT3G62770,Bcin12g02340
AT3G47520,Bcin12g02340
AT4G03420,Bcin12g02340
AT4G33540,Bcin12g02340
AT3G48990,Bcin12g02340
AT3G66654,Bcin12g02340
AT4G34120,Bcin12g02340
AT4G36220,Bcin12g02340
AT5G11520,Bcin12g02340
AT5G39050,Bcin12g02340
AT5G54870,Bcin12g02340
AT4G20110,Bcin12g02340
AT4G20830,Bcin12g02340
AT4G21445,Bcin12g02340
AT5G07730,Bcin12g02340
AT5G59820,Bcin12g02340
AT5G08160,Bcin12g02340
AT3G58510,Bcin12g02340
AT3G58750,Bcin12g02340
AT3G53580,Bcin12g02340
AT5G51570,Bcin12g02340
AT5G54830,Bcin12g02340
AT5G20020,Bcin12g02340
AT5G57910,Bcin12g02340
AT4G11370,Bcin12g02340
AT4G37310,Bcin12g02340
AT5G48180,Bcin12g02340
AT3G57090,Bcin12g02340
AT5G03290,Bcin12g02340
AT5G15490,Bcin12g02340
AT3G63310,Bcin12g02340
AT3G63460,Bcin12g02340
AT5G50850,Bcin12g02340
AT5G04590,Bcin12g02340
AT4G05020,Bcin12g02340
AT5G20000,Bcin12g02340
AT5G44720,Bcin12g02340
AT4G19006,Bcin12g02340
AT5G17770,Bcin12g02340
AT5G17860,Bcin12g02340
AT4G16760,Bcin12g02340
AT5G18070,Bcin12g02340
AT5G67500,Bcin12g02340
AT4G31860,Bcin12g02340
AT4G17650,Bcin12g02340
AT5G35700,Bcin12g02340
AT5G57015,Bcin12g02340
AT5G54500,Bcin12g02340
AT5G36220,Bcin12g02340
AT5G66320,Bcin12g02340
AT5G23540,Bcin12g02340
AT4G38630,Bcin12g02340
AT5G47730,Bcin12g02340
AT5G54100,Bcin12g02340
AT5G58290,Bcin12g02340
AT5G04170,Bcin12g02340
AT5G03780,Bcin12g02340
AT5G63790,Bcin12g02340
AT5G63980,Bcin12g02340
AT5G03160,Bcin12g02340
AT5G33290,Bcin12g02340
AT4G39780,Bcin12g02340
AT5G28540,Bcin12g02340
AT1G01910,Bcin13g02930
AT1G03220,Bcin13g02930
AT1G03230,Bcin13g02930
AT1G03370,Bcin13g02930
AT1G04780,Bcin13g02930
AT1G10140,Bcin13g02930
AT1G10990,Bcin13g02930
AT1G14170,Bcin13g02930
AT1G14330,Bcin13g02930
AT1G17090,Bcin13g02930
AT1G19270,Bcin13g02930
AT1G20970,Bcin13g02930
AT1G23090,Bcin13g02930
AT1G27500,Bcin13g02930
AT1G33030,Bcin13g02930
AT1G50360,Bcin13g02930
AT1G54960,Bcin13g02930
AT1G62200,Bcin13g02930
AT1G63010,Bcin13g02930
AT1G64385,Bcin13g02930
AT1G64610,Bcin13g02930
AT1G66690,Bcin13g02930
AT1G68370,Bcin13g02930
AT1G71140,Bcin13g02930
AT1G71820,Bcin13g02930
AT1G72540,Bcin13g02930
AT1G74020,Bcin13g02930
AT1G74640,Bcin13g02930
AT1G77770,Bcin13g02930
AT2G01850,Bcin13g02930
AT2G02040,Bcin13g02930
AT2G02180,Bcin13g02930
AT2G16500,Bcin13g02930
AT2G16920,Bcin13g02930
AT2G18680,Bcin13g02930
AT2G19880,Bcin13g02930
AT2G20900,Bcin13g02930
AT2G21120,Bcin13g02930
AT2G24180,Bcin13g02930
AT2G27200,Bcin13g02930
AT2G31260,Bcin13g02930
AT2G32250,Bcin13g02930
AT2G32960,Bcin13g02930
AT2G34080,Bcin13g02930
AT2G34360,Bcin13g02930
AT2G34630,Bcin13g02930
AT2G35390,Bcin13g02930
AT2G36380,Bcin13g02930
AT2G36770,Bcin13g02930
AT2G37470,Bcin13g02930
AT2G37980,Bcin13g02930
AT2G39480,Bcin13g02930
AT2G43150,Bcin13g02930
AT2G43490,Bcin13g02930
AT2G46080,Bcin13g02930
AT2G46320,Bcin13g02930
AT3G01040,Bcin13g02930
AT3G01720,Bcin13g02930
AT3G01980,Bcin13g02930
AT3G04640,Bcin13g02930
AT3G05090,Bcin13g02930
AT3G13380,Bcin13g02930
AT3G19260,Bcin13g02930
AT3G20490,Bcin13g02930
AT3G21140,Bcin13g02930
AT3G26670,Bcin13g02930
AT3G26780,Bcin13g02930
AT3G43240,Bcin13g02930
AT3G47700,Bcin13g02930
AT3G51090,Bcin13g02930
AT3G54620,Bcin13g02930
AT3G55890,Bcin13g02930
AT3G60680,Bcin13g02930
AT3G63380,Bcin13g02930
AT4G03320,Bcin13g02930
AT4G08180,Bcin13g02930
AT4G12070,Bcin13g02930
AT4G12120,Bcin13g02930
AT4G12770,Bcin13g02930
AT4G12780,Bcin13g02930
AT4G14230,Bcin13g02930
AT4G14410,Bcin13g02930
AT4G18050,Bcin13g02930
AT4G18990,Bcin13g02930
AT4G19440,Bcin13g02930
AT4G25070,Bcin13g02930
AT4G25390,Bcin13g02930
AT4G26270,Bcin13g02930
AT4G28550,Bcin13g02930
AT4G32070,Bcin13g02930
AT4G33520,Bcin13g02930
AT4G35620,Bcin13g02930
AT4G35830,Bcin13g02930
AT4G37030,Bcin13g02930
AT4G37390,Bcin13g02930
AT4G37530,Bcin13g02930
AT5G01500,Bcin13g02930
AT5G03490,Bcin13g02930
AT5G04540,Bcin13g02930
AT5G05580,Bcin13g02930
AT5G05780,Bcin13g02930
AT5G13860,Bcin13g02930
AT5G15470,Bcin13g02930
AT5G18490,Bcin13g02930
AT5G22850,Bcin13g02930
AT5G25930,Bcin13g02930
AT5G27380,Bcin13g02930
AT5G38710,Bcin13g02930
AT5G42870,Bcin13g02930
AT5G45900,Bcin13g02930
AT5G49665,Bcin13g02930
AT5G49700,Bcin13g02930
AT5G51770,Bcin13g02930
AT5G54510,Bcin13g02930
AT5G54810,Bcin13g02930
AT5G56870,Bcin13g02930
AT5G57700,Bcin13g02930
AT5G58730,Bcin13g02930
AT5G59430,Bcin13g02930
AT5G59700,Bcin13g02930
AT5G63970,Bcin13g02930
AT5G64230,Bcin13g02930
AT5G67340,Bcin13g02930
AT1G76705,Bcin16g00010
AT5G40720,Bcin16g00010
AT1G02145,Bcin16g01950
AT1G03550,Bcin16g01950
AT1G04350,Bcin16g01950
AT1G04950,Bcin16g01950
AT1G06040,Bcin16g01950
AT1G06960,Bcin16g01950
AT1G07320,Bcin16g01950
AT1G08465,Bcin16g01950
AT1G10210,Bcin16g01950
AT1G10660,Bcin16g01950
AT1G12090,Bcin16g01950
AT1G12350,Bcin16g01950
AT1G12900,Bcin16g01950
AT1G13770,Bcin16g01950
AT1G17200,Bcin16g01950
AT1G18670,Bcin16g01950
AT1G19330,Bcin16g01950
AT1G19600,Bcin16g01950
AT1G19700,Bcin16g01950
AT1G21350,Bcin16g01950
AT1G24793,Bcin16g01950
AT1G24822,Bcin16g01950
AT1G24996,Bcin16g01950
AT1G25054,Bcin16g01950
AT1G25210,Bcin16g01950
AT1G26150,Bcin16g01950
AT1G26670,Bcin16g01950
AT1G27030,Bcin16g01950
AT1G27920,Bcin16g01950
AT1G28960,Bcin16g01950
AT1G29070,Bcin16g01950
AT1G30590,Bcin16g01950
AT1G30910,Bcin16g01950
AT1G32050,Bcin16g01950
AT1G33990,Bcin16g01950
AT1G34640,Bcin16g01950
AT1G35516,Bcin16g01950
AT1G44920,Bcin16g01950
AT1G48620,Bcin16g01950
AT1G49580,Bcin16g01950
AT1G51200,Bcin16g01950
AT1G52220,Bcin16g01950
AT1G52870,Bcin16g01950
AT1G53190,Bcin16g01950
AT1G55670,Bcin16g01950
AT1G60989,Bcin16g01950
AT1G62970,Bcin16g01950
AT1G63240,Bcin16g01950
AT1G64230,Bcin16g01950
AT1G64355,Bcin16g01950
AT1G64370,Bcin16g01950
AT1G64430,Bcin16g01950
AT1G64500,Bcin16g01950
AT1G64970,Bcin16g01950
AT1G65260,Bcin16g01950
AT1G68010,Bcin16g01950
AT1G68945,Bcin16g01950
AT1G69252,Bcin16g01950
AT1G69420,Bcin16g01950
AT1G70310,Bcin16g01950
AT1G70660,Bcin16g01950
AT1G71340,Bcin16g01950
AT1G71480,Bcin16g01950
AT1G71695,Bcin16g01950
AT1G74470,Bcin16g01950
AT1G74970,Bcin16g01950
AT1G75540,Bcin16g01950
AT1G75630,Bcin16g01950
AT1G75690,Bcin16g01950
AT5G06290,Bcin16g01950
AT1G78150,Bcin16g01950
AT2G02060,Bcin16g01950
AT2G02570,Bcin16g01950
AT2G05620,Bcin16g01950
AT2G14890,Bcin16g01950
AT2G14910,Bcin16g01950
AT2G18440,Bcin16g01950
AT2G18710,Bcin16g01950
AT2G20340,Bcin16g01950
AT2G21320,Bcin16g01950
AT2G21330,Bcin16g01950
AT2G21960,Bcin16g01950
AT2G22190,Bcin16g01950
AT2G24280,Bcin16g01950
AT2G25080,Bcin16g01950
AT2G26500,Bcin16g01950
AT2G27402,Bcin16g01950
AT2G29650,Bcin16g01950
AT2G30570,Bcin16g01950
AT2G31380,Bcin16g01950
AT2G31440,Bcin16g01950
AT2G32080,Bcin16g01950
AT2G33530,Bcin16g01950
AT2G33810,Bcin16g01950
AT2G33815,Bcin16g01950
AT2G34410,Bcin16g01950
AT2G34460,Bcin16g01950
AT2G34720,Bcin16g01950
AT2G34860,Bcin16g01950
AT2G35370,Bcin16g01950
AT2G37410,Bcin16g01950
AT2G38140,Bcin16g01950
AT2G39570,Bcin16g01950
AT2G39730,Bcin16g01950
AT2G39850,Bcin16g01950
AT2G41760,Bcin16g01950
AT2G43750,Bcin16g01950
AT2G43910,Bcin16g01950
AT2G44850,Bcin16g01950
AT2G46820,Bcin16g01950
AT2G46830,Bcin16g01950
AT2G47070,Bcin16g01950
AT3G01060,Bcin16g01950
AT3G02300,Bcin16g01950
AT3G02730,Bcin16g01950
AT3G02830,Bcin16g01950
AT3G04730,Bcin16g01950
AT3G06125,Bcin16g01950
AT3G07880,Bcin16g01950
AT3G09600,Bcin16g01950
AT3G10230,Bcin16g01950
AT3G11730,Bcin16g01950
AT3G12320,Bcin16g01950
AT3G15354,Bcin16g01950
AT3G16940,Bcin16g01950
AT3G22425,Bcin16g01950
AT3G26650,Bcin16g01950
AT3G27350,Bcin16g01950
AT3G45600,Bcin16g01950
AT3G45900,Bcin16g01950
AT3G47470,Bcin16g01950
AT3G48750,Bcin16g01950
AT3G50845,Bcin16g01950
AT3G51950,Bcin16g01950
AT3G53980,Bcin16g01950
AT3G54500,Bcin16g01950
AT3G54910,Bcin16g01950
AT3G55080,Bcin16g01950
AT3G57810,Bcin16g01950
AT3G58010,Bcin16g01950
AT3G62190,Bcin16g01950
AT3G62290,Bcin16g01950
AT3G62560,Bcin16g01950
AT3G62650,Bcin16g01950
AT4G00050,Bcin16g01950
AT4G01150,Bcin16g01950
AT4G02005,Bcin16g01950
AT4G02485,Bcin16g01950
AT4G02640,Bcin16g01950
AT4G02725,Bcin16g01950
AT4G03280,Bcin16g01950
AT4G03560,Bcin16g01950
AT4G09560,Bcin16g01950
AT4G09670,Bcin16g01950
AT4G10180,Bcin16g01950
AT4G12800,Bcin16g01950
AT4G17050,Bcin16g01950
AT4G17730,Bcin16g01950
AT4G19985,Bcin16g01950
AT4G21860,Bcin16g01950
AT4G21960,Bcin16g01950
AT4G24450,Bcin16g01950
AT4G25100,Bcin16g01950
AT4G26850,Bcin16g01950
AT4G28240,Bcin16g01950
AT4G28640,Bcin16g01950
AT4G29890,Bcin16g01950
AT4G31150,Bcin16g01950
AT4G32260,Bcin16g01950
AT4G33110,Bcin16g01950
AT4G34620,Bcin16g01950
AT4G35090,Bcin16g01950
AT4G35100,Bcin16g01950
AT4G35250,Bcin16g01950
AT4G35470,Bcin16g01950
AT4G35530,Bcin16g01950
AT4G37760,Bcin16g01950
AT4G38490,Bcin16g01950
AT5G01090,Bcin16g01950
AT5G02120,Bcin16g01950
AT5G02180,Bcin16g01950
AT5G02840,Bcin16g01950
AT5G03180,Bcin16g01950
AT5G03200,Bcin16g01950
AT5G03760,Bcin16g01950
AT5G04090,Bcin16g01950
AT5G04440,Bcin16g01950
AT5G04710,Bcin16g01950
AT5G05980,Bcin16g01950
AT5G06060,Bcin16g01950
AT5G58930,Bcin16g01950
AT5G07842,Bcin16g01950
AT5G08540,Bcin16g01950
AT5G09660,Bcin16g01950
AT5G09770,Bcin16g01950
AT5G10745,Bcin16g01950
AT5G14210,Bcin16g01950
AT5G15170,Bcin16g01950
AT5G17230,Bcin16g01950
AT5G17870,Bcin16g01950
AT5G19150,Bcin16g01950
AT5G19220,Bcin16g01950
AT5G19430,Bcin16g01950
AT5G19500,Bcin16g01950
AT5G20580,Bcin16g01950
AT5G22210,Bcin16g01950
AT5G22620,Bcin16g01950
AT5G23440,Bcin16g01950
AT5G24670,Bcin16g01950
AT5G26850,Bcin16g01950
AT5G27410,Bcin16g01950
AT5G28900,Bcin16g01950
AT5G30510,Bcin16g01950
AT5G37790,Bcin16g01950
AT5G39340,Bcin16g01950
AT5G57815,Bcin16g01950
AT5G41340,Bcin16g01950
AT5G42210,Bcin16g01950
AT5G42765,Bcin16g01950
AT5G44510,Bcin16g01950
AT5G46110,Bcin16g01950
AT5G47110,Bcin16g01950
AT5G48412,Bcin16g01950
AT5G49100,Bcin16g01950
AT5G50000,Bcin16g01950
AT5G55160,Bcin16g01950
AT5G55640,Bcin16g01950
AT5G56380,Bcin16g01950
AT5G67030,Bcin16g01950
AT5G58140,Bcin16g01950
AT5G63280,Bcin16g01950
AT5G62430,Bcin16g01950
AT5G62790,Bcin16g01950
AT5G62890,Bcin16g01950
AT5G65685,Bcin16g01950
AT5G64040,Bcin16g01950
AT5G64170,Bcin16g01950
AT5G65220,Bcin16g01950
AT5G66570,Bcin16g01950
AT5G66610,Bcin16g01950
AT1G32330,Bcin02g02480
AT2G22480,Bcin02g02480
AT2G41700,Bcin02g02480
AT3G60190,Bcin02g02480
AT5G04720,Bcin02g02480
AT5G63990,Bcin02g02480
AT5G26710,Bcin03g05020
AT1G67680,Bcin03g05020
AT3G25770,Bcin03g05020
AT1G08130,Bcin03g05020
AT5G08139,Bcin03g05020
AT1G58602,Bcin03g05020
AT2G43420,Bcin03g05020
AT3G59970,Bcin03g05020
AT3G05350,Bcin03g05020
AT3G06530,Bcin03g05020
AT1G19300,Bcin03g05020
AT1G70770,Bcin03g05020
AT5G60410,Bcin03g05020
AT3G11710,Bcin03g05020
AT1G24360,Bcin03g05020
AT1G02230,Bcin03g00960
AT1G04940,Bcin03g00960
AT1G05070,Bcin03g00960
AT1G07615,Bcin03g00960
AT5G51020,Bcin03g00960
AT1G08550,Bcin03g00960
AT1G13380,Bcin03g00960
AT5G53220,Bcin03g00960
AT1G19715,Bcin03g00960
AT1G19720,Bcin03g00960
AT1G20810,Bcin03g00960
AT5G57270,Bcin03g00960
AT1G28330,Bcin03g00960
AT1G29410,Bcin03g00960
AT1G32990,Bcin03g00960
AT1G35420,Bcin03g00960
AT1G42430,Bcin03g00960
AT1G42550,Bcin03g00960
AT1G43580,Bcin03g00960
AT1G51440,Bcin03g00960
AT1G52570,Bcin03g00960
AT3G19180,Bcin03g00960
AT1G60860,Bcin03g00960
AT1G64680,Bcin03g00960
AT1G64690,Bcin03g00960
AT1G66840,Bcin03g00960
AT3G27220,Bcin03g00960
AT3G47070,Bcin03g00960
AT1G72530,Bcin03g00960
AT1G75310,Bcin03g00960
AT1G78880,Bcin03g00960
AT2G02790,Bcin03g00960
AT2G03390,Bcin03g00960
AT2G19810,Bcin03g00960
AT2G22770,Bcin03g00960
AT2G32500,Bcin03g00960
AT2G33860,Bcin03g00960
AT2G34640,Bcin03g00960
AT2G35760,Bcin03g00960
AT2G36490,Bcin03g00960
AT2G39140,Bcin03g00960
AT2G40970,Bcin03g00960
AT2G41560,Bcin03g00960
AT2G42290,Bcin03g00960
AT4G10550,Bcin03g00960
AT2G46110,Bcin03g00960
AT2G46250,Bcin03g00960
AT2G48120,Bcin03g00960
AT3G03710,Bcin03g00960
AT3G05180,Bcin03g00960
AT4G19070,Bcin03g00960
AT4G21550,Bcin03g00960
AT3G06660,Bcin03g00960
AT3G09860,Bcin03g00960
AT3G10060,Bcin03g00960
AT4G28080,Bcin03g00960
AT3G14980,Bcin03g00960
AT3G15095,Bcin03g00960
AT3G16010,Bcin03g00960
AT3G16570,Bcin03g00960
AT3G17590,Bcin03g00960
AT4G38160,Bcin03g00960
AT3G22190,Bcin03g00960
AT5G02150,Bcin03g00960
AT3G26310,Bcin03g00960
AT3G26720,Bcin03g00960
AT5G11720,Bcin03g00960
AT5G13730,Bcin03g00960
AT3G47860,Bcin03g00960
AT3G49670,Bcin03g00960
AT3G50040,Bcin03g00960
AT3G53700,Bcin03g00960
AT3G53920,Bcin03g00960
AT3G56010,Bcin03g00960
AT3G56080,Bcin03g00960
AT3G57080,Bcin03g00960
AT5G25475,Bcin03g00960
AT3G62000,Bcin03g00960
AT3G63210,Bcin03g00960
AT3G63540,Bcin03g00960
AT4G00370,Bcin03g00960
AT4G00850,Bcin03g00960
AT4G02790,Bcin03g00960
AT4G09640,Bcin03g00960
AT5G47900,Bcin03g00960
AT4G10890,Bcin03g00960
AT4G13640,Bcin03g00960
AT4G14540,Bcin03g00960
AT4G14622,Bcin03g00960
AT4G14890,Bcin03g00960
AT5G55840,Bcin03g00960
AT5G57110,Bcin03g00960
AT4G23300,Bcin03g00960
AT4G25910,Bcin03g00960
AT4G26590,Bcin03g00960
AT5G60940,Bcin03g00960
AT4G28760,Bcin03g00960
AT4G31270,Bcin03g00960
AT4G35920,Bcin03g00960
AT4G37553,Bcin03g00960
AT4G37820,Bcin03g00960
AT5G23570,Bcin03g00960
AT5G01880,Bcin03g00960
AT5G55580,Bcin03g00960
AT5G04060,Bcin03g00960
AT5G27400,Bcin03g00960
AT5G27730,Bcin03g00960
AT5G38860,Bcin03g00960
AT5G13980,Bcin03g00960
AT5G14620,Bcin03g00960
AT5G16040,Bcin03g00960
AT5G17170,Bcin03g00960
AT5G21222,Bcin03g00960
AT5G23430,Bcin03g00960
AT5G52280,Bcin03g00960
AT5G24490,Bcin03g00960
AT5G58575,Bcin03g00960
AT5G42200,Bcin03g00960
AT5G43810,Bcin03g00960
AT5G44785,Bcin03g00960
AT5G61130,Bcin03g00960
AT5G51545,Bcin03g00960
AT1G01080,Bcin04g04700
AT1G01160,Bcin04g04700
AT1G01170,Bcin04g04700
AT1G01430,Bcin04g04700
AT1G01860,Bcin04g04700
AT1G02150,Bcin04g04700
AT1G02280,Bcin04g04700
AT1G02290,Bcin04g04700
AT1G02300,Bcin04g04700
AT1G02340,Bcin04g04700
AT1G03000,Bcin04g04700
AT1G03130,Bcin04g04700
AT5G18760,Bcin04g04700
AT5G18850,Bcin04g04700
AT1G03630,Bcin04g04700
AT2G47160,Bcin04g04700
AT1G04240,Bcin04g04700
AT1G04430,Bcin04g04700
AT1G04550,Bcin04g04700
AT1G04590,Bcin04g04700
AT3G01810,Bcin04g04700
AT1G05190,Bcin04g04700
AT1G05600,Bcin04g04700
AT1G05870,Bcin04g04700
AT3G04160,Bcin04g04700
AT3G04450,Bcin04g04700
AT1G06910,Bcin04g04700
AT3G04760,Bcin04g04700
AT3G04890,Bcin04g04700
AT1G08380,Bcin04g04700
AT1G08910,Bcin04g04700
AT1G56050,Bcin04g04700
AT1G08980,Bcin04g04700
AT1G56720,Bcin04g04700
AT1G10200,Bcin04g04700
AT1G10510,Bcin04g04700
AT1G10610,Bcin04g04700
AT5G27270,Bcin04g04700
AT1G10910,Bcin04g04700
AT1G11430,Bcin04g04700
AT1G11530,Bcin04g04700
AT1G11760,Bcin04g04700
AT3G08740,Bcin04g04700
AT1G12250,Bcin04g04700
AT1G12730,Bcin04g04700
AT1G12930,Bcin04g04700
AT1G13860,Bcin04g04700
AT1G14270,Bcin04g04700
AT1G14280,Bcin04g04700
AT1G14345,Bcin04g04700
AT1G62830,Bcin04g04700
AT3G12345,Bcin04g04700
AT1G14840,Bcin04g04700
AT1G15260,Bcin04g04700
AT5G38565,Bcin04g04700
AT1G15730,Bcin04g04700
AT1G16080,Bcin04g04700
AT1G16680,Bcin04g04700
AT3G13360,Bcin04g04700
AT1G17350,Bcin04g04700
AT1G17460,Bcin04g04700
AT1G17510,Bcin04g04700
AT1G17850,Bcin04g04700
AT1G17970,Bcin04g04700
AT1G18170,Bcin04g04700
AT1G18660,Bcin04g04700
AT5G41760,Bcin04g04700
AT1G18730,Bcin04g04700
AT3G16000,Bcin04g04700
AT5G42240,Bcin04g04700
AT1G19710,Bcin04g04700
AT1G19835,Bcin04g04700
AT1G20010,Bcin04g04700
AT1G20020,Bcin04g04700
AT1G20650,Bcin04g04700
AT1G20830,Bcin04g04700
AT1G20890,Bcin04g04700
AT1G21600,Bcin04g04700
AT1G22630,Bcin04g04700
AT1G22740,Bcin04g04700
AT3G19800,Bcin04g04700
AT3G19810,Bcin04g04700
AT3G19850,Bcin04g04700
AT1G24148,Bcin04g04700
AT1G24160,Bcin04g04700
AT3G20440,Bcin04g04700
AT5G45680,Bcin04g04700
AT3G20550,Bcin04g04700
AT1G25375,Bcin04g04700
AT1G25440,Bcin04g04700
AT3G21100,Bcin04g04700
AT1G26100,Bcin04g04700
AT1G26260,Bcin04g04700
AT3G22104,Bcin04g04700
AT3G22150,Bcin04g04700
AT1G27190,Bcin04g04700
AT1G27520,Bcin04g04700
AT2G34300,Bcin04g04700
AT3G23640,Bcin04g04700
AT1G29530,Bcin04g04700
AT1G29560,Bcin04g04700
AT3G25530,Bcin04g04700
AT3G25717,Bcin04g04700
AT1G30610,Bcin04g04700
AT3G25920,Bcin04g04700
AT1G31410,Bcin04g04700
AT1G31420,Bcin04g04700
AT1G31650,Bcin04g04700
AT1G31920,Bcin04g04700
AT1G32200,Bcin04g04700
AT1G32520,Bcin04g04700
AT1G32583,Bcin04g04700
AT1G33240,Bcin04g04700
AT1G33810,Bcin04g04700
AT3G28040,Bcin04g04700
AT3G28130,Bcin04g04700
AT1G35460,Bcin04g04700
AT5G53860,Bcin04g04700
AT5G53900,Bcin04g04700
AT5G54090,Bcin04g04700
AT3G29185,Bcin04g04700
AT1G44000,Bcin04g04700
AT1G44446,Bcin04g04700
AT1G45230,Bcin04g04700
AT3G43790,Bcin04g04700
AT1G48300,Bcin04g04700
AT1G48520,Bcin04g04700
AT1G48950,Bcin04g04700
AT1G49010,Bcin04g04700
AT3G45850,Bcin04g04700
AT1G49480,Bcin04g04700
AT1G49630,Bcin04g04700
AT1G49975,Bcin04g04700
AT1G50290,Bcin04g04700
AT3G48670,Bcin04g04700
AT3G48710,Bcin04g04700
AT1G50900,Bcin04g04700
AT1G51630,Bcin04g04700
AT1G52150,Bcin04g04700
AT1G52230,Bcin04g04700
AT3G50430,Bcin04g04700
AT1G52590,Bcin04g04700
AT1G53000,Bcin04g04700
AT3G50820,Bcin04g04700
AT3G51075,Bcin04g04700
AT1G54440,Bcin04g04700
AT1G54730,Bcin04g04700
AT1G54790,Bcin04g04700
AT1G55160,Bcin04g04700
AT1G55260,Bcin04g04700
AT1G55370,Bcin04g04700
AT1G55480,Bcin04g04700
AT2G17695,Bcin04g04700
AT1G56150,Bcin04g04700
AT2G18290,Bcin04g04700
AT3G53850,Bcin04g04700
AT1G57790,Bcin04g04700
AT5G65687,Bcin04g04700
AT1G59750,Bcin04g04700
AT1G59840,Bcin04g04700
AT5G66180,Bcin04g04700
AT1G60010,Bcin04g04700
AT1G60260,Bcin04g04700
AT3G56650,Bcin04g04700
AT1G60600,Bcin04g04700
AT1G60950,Bcin04g04700
AT1G60990,Bcin04g04700
AT1G61240,Bcin04g04700
AT3G57930,Bcin04g04700
AT3G58200,Bcin04g04700
AT1G62630,Bcin04g04700
AT2G23840,Bcin04g04700
AT1G63670,Bcin04g04700
AT1G63980,Bcin04g04700
AT3G59320,Bcin04g04700
AT1G64860,Bcin04g04700
AT1G65010,Bcin04g04700
AT1G65032,Bcin04g04700
AT1G65070,Bcin04g04700
AT1G65080,Bcin04g04700
AT1G65420,Bcin04g04700
AT1G65920,Bcin04g04700
AT4G33500,Bcin04g04700
AT1G66130,Bcin04g04700
AT1G66980,Bcin04g04700
AT1G67080,Bcin04g04700
AT1G67265,Bcin04g04700
AT1G67490,Bcin04g04700
AT1G67700,Bcin04g04700
AT1G68190,Bcin04g04700
AT4G35760,Bcin04g04700
AT4G01330,Bcin04g04700
AT1G68585,Bcin04g04700
AT1G68590,Bcin04g04700
AT1G68830,Bcin04g04700
AT1G69200,Bcin04g04700
AT1G69700,Bcin04g04700
AT1G69935,Bcin04g04700
AT1G70100,Bcin04g04700
AT1G70200,Bcin04g04700
AT1G70650,Bcin04g04700
AT4G04040,Bcin04g04700
AT1G71260,Bcin04g04700
AT1G71710,Bcin04g04700
AT1G71720,Bcin04g04700
AT1G71970,Bcin04g04700
AT1G72160,Bcin04g04700
AT1G72410,Bcin04g04700
AT4G09620,Bcin04g04700
AT1G72480,Bcin04g04700
AT1G72500,Bcin04g04700
AT1G72630,Bcin04g04700
AT1G72640,Bcin04g04700
AT1G72645,Bcin04g04700
AT1G72650,Bcin04g04700
AT1G73210,Bcin04g04700
AT1G73655,Bcin04g04700
AT4G11410,Bcin04g04700
AT3G23070,Bcin04g04700
AT1G73870,Bcin04g04700
AT4G11970,Bcin04g04700
AT4G12560,Bcin04g04700
AT2G36230,Bcin04g04700
AT1G74520,Bcin04g04700
AT4G13100,Bcin04g04700
AT4G13220,Bcin04g04700
AT1G75100,Bcin04g04700
AT4G13670,Bcin04g04700
AT4G13810,Bcin04g04700
AT1G75420,Bcin04g04700
AT1G75460,Bcin04g04700
AT5G11480,Bcin04g04700
AT4G14510,Bcin04g04700
AT1G76100,Bcin04g04700
AT1G76110,Bcin04g04700
AT4G14740,Bcin04g04700
AT1G76720,Bcin04g04700
AT4G14870,Bcin04g04700
AT1G77090,Bcin04g04700
AT4G15510,Bcin04g04700
AT1G77480,Bcin04g04700
AT4G15540,Bcin04g04700
AT1G77990,Bcin04g04700
AT1G78010,Bcin04g04700
AT1G78510,Bcin04g04700
AT4G15820,Bcin04g04700
AT1G79880,Bcin04g04700
AT1G80570,Bcin04g04700
AT1G80630,Bcin04g04700
AT2G44920,Bcin04g04700
AT2G01760,Bcin04g04700
AT2G02770,Bcin04g04700
AT2G03310,Bcin04g04700
AT5G18460,Bcin04g04700
AT4G18030,Bcin04g04700
AT2G03550,Bcin04g04700
AT2G03590,Bcin04g04700
AT2G03780,Bcin04g04700
AT5G19940,Bcin04g04700
AT4G19170,Bcin04g04700
AT2G04270,Bcin04g04700
AT4G20030,Bcin04g04700
AT2G04690,Bcin04g04700
AT2G04842,Bcin04g04700
AT2G05210,Bcin04g04700
AT2G05310,Bcin04g04700
AT2G06010,Bcin04g04700
AT4G22200,Bcin04g04700
AT2G14090,Bcin04g04700
AT4G23400,Bcin04g04700
AT2G14880,Bcin04g04700
AT2G15960,Bcin04g04700
AT3G04940,Bcin04g04700
AT3G05100,Bcin04g04700
AT2G18050,Bcin04g04700
AT3G05160,Bcin04g04700
AT2G18850,Bcin04g04700
AT2G19280,Bcin04g04700
AT2G19650,Bcin04g04700
AT4G27430,Bcin04g04700
AT2G20180,Bcin04g04700
AT2G20930,Bcin04g04700
AT2G21280,Bcin04g04700
AT2G21385,Bcin04g04700
AT4G29750,Bcin04g04700
AT2G21710,Bcin04g04700
AT2G21830,Bcin04g04700
AT2G22540,Bcin04g04700
AT2G22980,Bcin04g04700
AT3G09980,Bcin04g04700
AT2G23470,Bcin04g04700
AT2G23520,Bcin04g04700
AT3G11500,Bcin04g04700
AT2G23940,Bcin04g04700
AT2G24120,Bcin04g04700
AT3G12685,Bcin04g04700
AT2G24630,Bcin04g04700
AT2G24650,Bcin04g04700
AT2G25000,Bcin04g04700
AT2G25070,Bcin04g04700
AT4G33000,Bcin04g04700
AT2G25350,Bcin04g04700
AT2G25710,Bcin04g04700
AT5G39800,Bcin04g04700
AT2G25950,Bcin04g04700
AT2G26470,Bcin04g04700
AT2G26900,Bcin04g04700
AT2G26930,Bcin04g04700
AT2G27230,Bcin04g04700
AT4G35335,Bcin04g04700
AT2G28310,Bcin04g04700
AT2G38370,Bcin04g04700
AT2G28605,Bcin04g04700
AT2G28720,Bcin04g04700
AT2G28870,Bcin04g04700
AT2G29320,Bcin04g04700
AT2G29360,Bcin04g04700
AT3G17470,Bcin04g04700
AT2G30280,Bcin04g04700
AT2G30390,Bcin04g04700
AT2G30695,Bcin04g04700
AT2G31040,Bcin04g04700
AT2G31150,Bcin04g04700
AT2G31170,Bcin04g04700
AT2G31190,Bcin04g04700
AT5G02250,Bcin04g04700
AT2G31320,Bcin04g04700
AT5G02710,Bcin04g04700
AT5G45610,Bcin04g04700
AT2G31840,Bcin04g04700
AT2G32180,Bcin04g04700
AT2G32470,Bcin04g04700
AT2G32480,Bcin04g04700
AT5G04810,Bcin04g04700
AT2G32970,Bcin04g04700
AT2G33050,Bcin04g04700
AT5G05610,Bcin04g04700
AT5G05960,Bcin04g04700
AT2G33990,Bcin04g04700
AT5G06180,Bcin04g04700
AT2G34470,Bcin04g04700
AT2G35130,Bcin04g04700
AT2G35260,Bcin04g04700
AT5G49230,Bcin04g04700
AT5G08580,Bcin04g04700
AT2G37080,Bcin04g04700
AT3G25805,Bcin04g04700
AT2G37450,Bcin04g04700
AT2G37678,Bcin04g04700
AT2G37930,Bcin04g04700
AT5G10946,Bcin04g04700
AT5G25040,Bcin04g04700
AT4G13970,Bcin04g04700
AT2G38970,Bcin04g04700
AT2G39090,Bcin04g04700
AT2G39280,Bcin04g04700
AT5G13520,Bcin04g04700
AT5G13660,Bcin04g04700
AT2G40770,Bcin04g04700
AT2G41250,Bcin04g04700
AT5G14320,Bcin04g04700
AT5G14450,Bcin04g04700
AT2G41820,Bcin04g04700
AT2G42190,Bcin04g04700
AT2G42320,Bcin04g04700
AT2G42450,Bcin04g04700
AT2G42690,Bcin04g04700
AT2G43030,Bcin04g04700
AT2G43560,Bcin04g04700
AT5G16310,Bcin04g04700
AT3G45310,Bcin04g04700
AT5G16710,Bcin04g04700
AT2G45250,Bcin04g04700
AT5G18440,Bcin04g04700
AT5G59750,Bcin04g04700
AT2G45850,Bcin04g04700
AT5G60840,Bcin04g04700
AT5G60870,Bcin04g04700
AT5G61420,Bcin04g04700
AT3G49140,Bcin04g04700
AT2G47220,Bcin04g04700
AT2G47940,Bcin04g04700
AT5G62350,Bcin04g04700
AT3G01770,Bcin04g04700
AT5G22640,Bcin04g04700
AT3G02180,Bcin04g04700
AT3G03040,Bcin04g04700
AT3G03630,Bcin04g04700
AT5G23550,Bcin04g04700
AT5G24165,Bcin04g04700
AT5G24314,Bcin04g04700
AT5G42030,Bcin04g04700
AT5G25080,Bcin04g04700
AT3G52380,Bcin04g04700
AT3G52905,Bcin04g04700
AT3G53460,Bcin04g04700
AT3G53470,Bcin04g04700
AT3G53760,Bcin04g04700
AT3G05520,Bcin04g04700
AT3G05810,Bcin04g04700
AT3G06980,Bcin04g04700
AT3G54290,Bcin04g04700
AT3G07200,Bcin04g04700
AT5G27560,Bcin04g04700
AT5G27950,Bcin04g04700
AT3G08010,Bcin04g04700
AT5G28030,Bcin04g04700
AT5G35170,Bcin04g04700
AT3G09050,Bcin04g04700
AT3G09210,Bcin04g04700
AT3G57470,Bcin04g04700
AT3G10405,Bcin04g04700
AT5G35995,Bcin04g04700
AT3G58220,Bcin04g04700
AT4G30620,Bcin04g04700
AT3G59060,Bcin04g04700
AT3G59110,Bcin04g04700
AT5G38290,Bcin04g04700
AT4G31650,Bcin04g04700
AT3G13062,Bcin04g04700
AT3G13120,Bcin04g04700
AT3G60320,Bcin04g04700
AT5G39530,Bcin04g04700
AT5G39790,Bcin04g04700
AT3G61700,Bcin04g04700
AT5G08500,Bcin04g04700
AT3G14150,Bcin04g04700
AT3G14410,Bcin04g04700
AT3G14930,Bcin04g04700
AT3G15570,Bcin04g04700
AT3G63170,Bcin04g04700
AT3G26070,Bcin04g04700
AT4G13830,Bcin04g04700
AT5G11330,Bcin04g04700
AT3G16260,Bcin04g04700
AT3G16750,Bcin04g04700
AT3G17170,Bcin04g04700
AT3G17310,Bcin04g04700
AT4G38020,Bcin04g04700
AT3G17930,Bcin04g04700
AT3G18390,Bcin04g04700
AT3G19000,Bcin04g04700
AT3G19400,Bcin04g04700
AT3G19515,Bcin04g04700
AT5G44520,Bcin04g04700
AT4G04350,Bcin04g04700
AT5G44930,Bcin04g04700
AT3G20230,Bcin04g04700
AT5G02670,Bcin04g04700
AT4G09040,Bcin04g04700
AT4G09350,Bcin04g04700
AT5G45930,Bcin04g04700
AT3G20820,Bcin04g04700
AT3G21060,Bcin04g04700
AT4G09890,Bcin04g04700
AT3G21465,Bcin04g04700
AT5G47190,Bcin04g04700
AT5G05000,Bcin04g04700
AT5G48590,Bcin04g04700
AT3G23050,Bcin04g04700
AT5G48660,Bcin04g04700
AT5G06690,Bcin04g04700
AT5G48840,Bcin04g04700
AT3G23700,Bcin04g04700
AT5G48910,Bcin04g04700
AT3G50440,Bcin04g04700
AT4G12990,Bcin04g04700
AT5G08650,Bcin04g04700
AT5G64330,Bcin04g04700
AT5G50420,Bcin04g04700
AT5G51350,Bcin04g04700
AT5G64342,Bcin04g04700
AT3G52150,Bcin04g04700
AT3G52170,Bcin04g04700
AT3G26710,Bcin04g04700
AT5G53020,Bcin04g04700
AT3G27420,Bcin04g04700
AT3G27850,Bcin04g04700
AT5G53490,Bcin04g04700
AT5G53580,Bcin04g04700
AT3G28140,Bcin04g04700
AT5G13770,Bcin04g04700
AT5G26980,Bcin04g04700
AT3G54790,Bcin04g04700
AT5G55210,Bcin04g04700
AT3G29290,Bcin04g04700
AT3G43540,Bcin04g04700
AT3G43670,Bcin04g04700
AT5G56520,Bcin04g04700
AT3G44890,Bcin04g04700
AT5G57340,Bcin04g04700
AT4G16410,Bcin04g04700
AT3G45780,Bcin04g04700
AT4G16710,Bcin04g04700
AT3G46990,Bcin04g04700
AT4G17600,Bcin04g04700
AT3G47450,Bcin04g04700
AT5G18680,Bcin04g04700
AT4G18070,Bcin04g04700
AT4G18120,Bcin04g04700
AT4G18810,Bcin04g04700
AT3G49250,Bcin04g04700
AT3G49470,Bcin04g04700
AT4G19530,Bcin04g04700
AT3G61220,Bcin04g04700
AT4G33470,Bcin04g04700
AT5G63530,Bcin04g04700
AT4G21190,Bcin04g04700
AT3G62030,Bcin04g04700
AT3G51270,Bcin04g04700
AT3G51510,Bcin04g04700
AT5G41240,Bcin04g04700
AT5G64341,Bcin04g04700
AT3G56480,Bcin04g04700
AT4G23670,Bcin04g04700
AT5G25210,Bcin04g04700
AT5G25630,Bcin04g04700
AT4G24750,Bcin04g04700
AT5G64980,Bcin04g04700
AT4G26370,Bcin04g04700
AT3G54050,Bcin04g04700
AT5G26910,Bcin04g04700
AT4G02920,Bcin04g04700
AT4G39620,Bcin04g04700
AT4G27700,Bcin04g04700
AT3G56290,Bcin04g04700
AT4G10470,Bcin04g04700
AT5G67385,Bcin04g04700
AT3G57040,Bcin04g04700
AT3G57050,Bcin04g04700
AT3G57320,Bcin04g04700
AT5G35490,Bcin04g04700
AT5G35750,Bcin04g04700
AT5G35790,Bcin04g04700
AT4G30580,Bcin04g04700
AT5G04070,Bcin04g04700
AT4G30690,Bcin04g04700
AT5G04880,Bcin04g04700
AT5G37340,Bcin04g04700
AT5G40950,Bcin04g04700
AT4G32270,Bcin04g04700
AT4G32330,Bcin04g04700
AT5G48800,Bcin04g04700
AT3G60370,Bcin04g04700
AT5G20140,Bcin04g04700
AT4G33030,Bcin04g04700
AT4G20360,Bcin04g04700
AT3G61870,Bcin04g04700
AT4G33740,Bcin04g04700
AT3G62080,Bcin04g04700
AT3G62750,Bcin04g04700
AT5G10560,Bcin04g04700
AT5G44200,Bcin04g04700
AT4G40060,Bcin04g04700
AT4G23430,Bcin04g04700
AT4G36970,Bcin04g04700
AT4G37560,Bcin04g04700
AT4G14620,Bcin04g04700
AT4G02020,Bcin04g04700
AT5G43270,Bcin04g04700
AT4G02260,Bcin04g04700
AT4G02770,Bcin04g04700
AT4G39460,Bcin04g04700
AT5G43740,Bcin04g04700
AT4G03935,Bcin04g04700
AT5G59830,Bcin04g04700
AT5G27390,Bcin04g04700
AT4G15780,Bcin04g04700
AT4G08280,Bcin04g04700
AT5G45140,Bcin04g04700
AT4G15930,Bcin04g04700
AT5G57180,Bcin04g04700
AT5G03050,Bcin04g04700
AT4G09650,Bcin04g04700
AT4G09730,Bcin04g04700
AT5G17270,Bcin04g04700
AT5G46420,Bcin04g04700
AT4G13495,Bcin04g04700
AT5G64340,Bcin04g04700
AT4G34090,Bcin04g04700
AT4G15560,Bcin04g04700
AT4G29060,Bcin04g04700
AT5G61480,Bcin04g04700
AT4G11900,Bcin04g04700
AT5G06980,Bcin04g04700
AT4G14720,Bcin04g04700
AT5G53170,Bcin04g04700
AT5G22340,Bcin04g04700
AT4G26555,Bcin04g04700
AT4G21280,Bcin04g04700
AT4G34020,Bcin04g04700
AT5G65740,Bcin04g04700
AT5G43920,Bcin04g04700
AT4G39770,Bcin04g04700
AT4G28830,Bcin04g04700
AT5G64380,Bcin04g04700
AT5G12250,Bcin04g04700
AT5G64770,Bcin04g04700
AT5G35480,Bcin04g04700
AT5G64940,Bcin04g04700
AT5G42770,Bcin04g04700
AT5G03430,Bcin04g04700
AT5G26742,Bcin04g04700
AT5G42370,Bcin04g04700
AT4G21585,Bcin04g04700
AT5G23120,Bcin04g04700
AT5G09990,Bcin04g04700
AT5G46270,Bcin04g04700
AT4G15790,Bcin04g04700
AT5G16000,Bcin04g04700
AT5G56210,Bcin04g04700
AT5G40080,Bcin04g04700
AT5G16030,Bcin04g04700
AT5G16400,Bcin04g04700
AT5G53150,Bcin04g04700
AT5G20110,Bcin04g04700
AT5G55230,Bcin04g04700
AT5G14910,Bcin04g04700
AT5G38980,Bcin04g04700
AT5G64343,Bcin04g04700
AT5G43310,Bcin04g04700
AT5G52970,Bcin04g04700
AT4G37920,Bcin04g04700
AT5G13120,Bcin04g04700
AT5G64580,Bcin04g04700
AT5G15280,Bcin04g04700
AT5G44190,Bcin04g04700
AT5G28020,Bcin04g04700
AT5G57660,Bcin04g04700
AT5G67150,Bcin04g04700
AT5G55220,Bcin04g04700
AT4G29990,Bcin04g04700
AT5G66910,Bcin04g04700
AT5G15010,Bcin04g04700
AT1G66070,Bcin04g05160
AT3G59570,Bcin04g05160
AT1G61360,Bcin04g05160
AT1G26340,Bcin04g05160
AT1G68340,Bcin04g05160
AT1G70750,Bcin04g05160
AT1G72450,Bcin04g05160
AT4G36945,Bcin04g05160
AT1G74450,Bcin04g05160
AT1G61580,Bcin04g05160
AT2G24545,Bcin04g05160
AT5G02780,Bcin04g05160
AT1G77420,Bcin04g05160
AT4G17615,Bcin04g05160
AT2G23320,Bcin04g05160
AT4G34660,Bcin04g05160
AT2G33120,Bcin04g05160
AT1G18740,Bcin04g05160
AT4G10390,Bcin04g05160
AT2G04100,Bcin04g05160
AT4G01895,Bcin04g05160
AT4G30210,Bcin04g05160
AT3G13430,Bcin04g05160
AT1G57610,Bcin04g05160
AT4G15233,Bcin04g05160
AT2G32830,Bcin04g05160
AT4G39540,Bcin04g05160
AT2G41730,Bcin04g05160
AT1G77885,Bcin04g05160
AT1G68310,Bcin04g05160
AT1G23220,Bcin04g05160
AT4G14420,Bcin04g05160
AT1G19020,Bcin04g05160
AT1G25155,Bcin04g05160
AT4G30060,Bcin04g05160
AT1G24909,Bcin04g05160
AT4G30340,Bcin04g05160
AT2G29500,Bcin04g05160
AT5G43420,Bcin04g05160
AT1G14360,Bcin04g05160
AT3G12145,Bcin04g05160
AT5G47050,Bcin04g05160
AT3G21560,Bcin04g05160
AT3G12750,Bcin04g05160
AT1G26390,Bcin04g05160
AT1G12200,Bcin04g05160
AT5G39040,Bcin04g05160
AT5G39360,Bcin04g05160
AT5G22140,Bcin04g05160
AT1G74030,Bcin04g05160
AT2G25737,Bcin04g05160
AT4G10040,Bcin04g05160
AT1G75020,Bcin04g05160
AT5G09680,Bcin04g05160
AT1G30755,Bcin04g05160
AT3G26020,Bcin04g05160
AT2G14750,Bcin04g05160
AT2G37940,Bcin04g05160
AT5G42150,Bcin04g05160
AT3G26680,Bcin04g05160
AT4G01750,Bcin04g05160
AT4G37660,Bcin04g05160
AT4G25900,Bcin04g05160
AT1G76650,Bcin04g05160
AT2G40095,Bcin04g05160
AT5G13750,Bcin04g05160
AT5G53820,Bcin04g05160
AT3G28210,Bcin04g05160
AT3G28450,Bcin04g05160
AT4G39940,Bcin04g05160
AT1G43860,Bcin04g05160
AT2G31230,Bcin04g05160
AT1G23550,Bcin04g05160
AT3G08950,Bcin04g05160
AT1G47380,Bcin04g05160
AT4G16380,Bcin04g05160
AT3G20510,Bcin04g05160
AT4G30530,Bcin04g05160
AT5G04020,Bcin04g05160
AT1G25550,Bcin04g05160
AT5G46750,Bcin04g05160
AT3G47090,Bcin04g05160
AT2G03505,Bcin04g05160
AT5G48530,Bcin04g05160
AT2G46330,Bcin04g05160
AT3G59660,Bcin04g05160
AT4G11820,Bcin04g05160
AT5G61900,Bcin04g05160
AT1G17170,Bcin04g05160
AT3G49530,Bcin04g05160
AT3G24503,Bcin04g05160
AT1G04960,Bcin04g05160
AT2G37430,Bcin04g05160
AT5G64300,Bcin04g05160
AT5G23510,Bcin04g05160
AT1G06050,Bcin04g05160
AT4G23190,Bcin04g05160
AT3G52070,Bcin04g05160
AT3G26440,Bcin04g05160
AT1G07620,Bcin04g05160
AT4G24380,Bcin04g05160
AT4G24390,Bcin04g05160
AT1G08930,Bcin04g05160
AT5G25940,Bcin04g05160
AT3G05280,Bcin04g05160
AT5G65270,Bcin04g05160
AT4G26650,Bcin04g05160
AT3G54120,Bcin04g05160
AT1G10700,Bcin04g05160
AT3G28930,Bcin04g05160
AT3G55470,Bcin04g05160
AT5G44860,Bcin04g05160
AT2G21520,Bcin04g05160
AT1G60440,Bcin04g05160
AT4G31460,Bcin04g00830
AT1G28070,Bcin04g00830
AT5G49980,Bcin04g00830
AT1G43700,Bcin04g00830
AT3G16230,Bcin04g00830
AT1G15510,Bcin04g00830
AT1G75730,Bcin04g00830
AT2G03340,Bcin04g00830
AT4G00930,Bcin04g00830
AT2G41460,Bcin04g00830
AT4G10920,Bcin04g00830
AT2G46550,Bcin04g00830
AT2G45810,Bcin04g00830
AT2G04030,Bcin04g00830
AT1G30290,Bcin04g00830
AT5G51960,Bcin04g00830
AT1G36320,Bcin04g00830
AT3G13740,Bcin04g00830
AT2G28360,Bcin04g00830
AT4G14760,Bcin04g00830
AT3G04560,Bcin04g00830
AT3G59040,Bcin04g00830
AT5G36950,Bcin04g00830
AT4G31390,Bcin04g00830
AT1G74560,Bcin04g00830
AT1G64840,Bcin04g00830
AT3G15610,Bcin04g00830
AT3G59650,Bcin04g00830
AT1G03475,Bcin04g00830
AT3G13810,Bcin04g00830
AT2G01680,Bcin04g00830
AT1G29790,Bcin04g00830
AT2G43970,Bcin04g00830
AT4G20410,Bcin04g00830
AT1G53460,Bcin04g00830
AT5G49960,Bcin04g00830
AT1G14410,Bcin04g00830
AT4G00238,Bcin04g00830
AT1G75410,Bcin04g00830
AT2G33051,Bcin04g00830
AT5G51730,Bcin04g00830
AT3G13350,Bcin04g00830
AT1G52420,Bcin04g00830
AT4G12750,Bcin04g00830
AT5G16070,Bcin04g00830
AT3G61780,Bcin04g00830
AT5G65020,Bcin04g00830
AT1G76892,Bcin04g00830
AT1G35620,Bcin04g00830
AT3G07140,Bcin04g00830
AT4G10090,Bcin04g00830
AT5G14460,Bcin04g00830
AT2G27800,Bcin04g00830
AT4G05420,Bcin04g00830
AT2G38800,Bcin04g00830
AT4G32360,Bcin04g00830
AT1G73940,Bcin04g00830
AT2G04660,Bcin04g00830
AT5G45470,Bcin04g00830
AT5G08380,Bcin04g00830
AT1G49180,Bcin04g00830
AT5G37130,Bcin04g00830
AT4G16950,Bcin04g00830
AT4G15520,Bcin04g00830
AT5G58920,Bcin04g00830
AT1G03365,Bcin04g00830
AT2G46180,Bcin04g00830
AT1G50600,Bcin04g00830
AT2G16600,Bcin04g00830
AT2G31740,Bcin04g00830
AT2G31530,Bcin04g00830
AT5G07670,Bcin04g00830
AT5G26180,Bcin04g00830
AT4G38240,Bcin04g00830
AT2G36720,Bcin04g00830
AT5G49880,Bcin04g00830
AT2G45660,Bcin04g00830
AT4G01037,Bcin04g00830
AT1G18690,Bcin04g00830
AT5G10920,Bcin04g00830
AT3G15590,Bcin04g00830
AT1G73720,Bcin04g00830
AT3G23080,Bcin04g00830
AT2G25170,Bcin04g00830
AT5G25900,Bcin04g00830
AT3G01370,Bcin04g00830
AT1G29030,Bcin04g00830
AT1G34380,Bcin04g00830
AT1G58250,Bcin04g00830
AT5G65490,Bcin04g00830
AT2G20050,Bcin04g00830
AT4G27450,Bcin04g00830
AT1G59990,Bcin04g00830
AT1G22830,Bcin04g00830
AT5G52820,Bcin04g00830
AT1G07200,Bcin04g00830
AT5G42540,Bcin04g00830
AT4G08920,Bcin04g00830
AT1G75840,Bcin04g00830
AT1G09010,Bcin04g00830
AT3G45260,Bcin04g00830
AT2G45030,Bcin04g00830
AT3G10740,Bcin04g00830
AT5G58710,Bcin04g00830
AT1G54380,Bcin04g00830
AT5G37190,Bcin04g00830
AT1G06190,Bcin04g00830
AT3G48500,Bcin04g00830
AT5G19140,Bcin04g00830
AT4G30000,Bcin04g00830
AT1G03960,Bcin04g00830
AT1G79050,Bcin04g00830
AT5G48830,Bcin04g00830
AT2G39795,Bcin04g00830
AT5G63420,Bcin04g00830
AT5G22800,Bcin04g00830
AT4G34030,Bcin04g00830
AT3G50700,Bcin04g00830
AT1G75380,Bcin04g00830
AT2G14080,Bcin04g00830
AT3G26030,Bcin04g00830
AT5G01470,Bcin04g00830
AT4G18905,Bcin04g00830
AT3G05120,Bcin04g00830
AT1G50840,Bcin04g00830
AT5G58520,Bcin04g00830
AT5G61930,Bcin04g00830
AT4G02075,Bcin04g00830
AT1G35115,Bcin04g00830
AT3G07740,Bcin04g00830
AT5G49840,Bcin04g00830
AT4G02990,Bcin04g00830
AT3G20290,Bcin04g00830
AT1G25230,Bcin04g00830
AT5G65960,Bcin04g00830
AT3G13061,Bcin04g00830
AT5G13300,Bcin04g00830
AT1G73710,Bcin04g00830
AT5G39960,Bcin04g00830
AT3G26890,Bcin04g00830
AT5G40520,Bcin04g00830
AT5G62930,Bcin04g00830
AT4G16520,Bcin04g00830
AT3G07930,Bcin04g00830
AT1G78850,Bcin05g02780
AT2G18465,Bcin05g02780
AT1G01250,Bcin06g05680
AT1G01690,Bcin06g05680
AT1G05140,Bcin06g05680
AT1G06460,Bcin06g05680
AT1G08520,Bcin06g05680
AT1G10760,Bcin06g05680
AT1G10820,Bcin06g05680
AT1G11360,Bcin06g05680
AT1G12770,Bcin06g05680
AT1G12845,Bcin06g05680
AT1G13640,Bcin06g05680
AT1G13820,Bcin06g05680
AT1G14580,Bcin06g05680
AT4G16770,Bcin06g05680
AT1G16720,Bcin06g05680
AT1G20950,Bcin06g05680
AT1G21460,Bcin06g05680
AT1G21680,Bcin06g05680
AT1G22160,Bcin06g05680
AT1G22370,Bcin06g05680
AT1G23400,Bcin06g05680
AT1G24265,Bcin06g05680
AT1G25530,Bcin06g05680
AT1G31230,Bcin06g05680
AT1G33265,Bcin06g05680
AT1G33480,Bcin06g05680
AT1G35720,Bcin06g05680
AT1G49720,Bcin06g05680
AT1G51080,Bcin06g05680
AT1G53090,Bcin06g05680
AT1G54310,Bcin06g05680
AT1G55140,Bcin06g05680
AT1G55675,Bcin06g05680
AT1G56310,Bcin06g05680
AT1G56460,Bcin06g05680
AT1G60190,Bcin06g05680
AT1G60690,Bcin06g05680
AT2G33450,Bcin06g05680
AT1G62330,Bcin06g05680
AT1G67365,Bcin06g05680
AT1G67840,Bcin06g05680
AT2G38820,Bcin06g05680
AT2G39250,Bcin06g05680
AT1G72890,Bcin06g05680
AT1G73170,Bcin06g05680
AT2G41210,Bcin06g05680
AT1G73470,Bcin06g05680
AT1G74850,Bcin06g05680
AT5G16820,Bcin06g05680
AT1G78910,Bcin06g05680
AT1G80480,Bcin06g05680
AT2G01130,Bcin06g05680
AT2G02740,Bcin06g05680
AT2G04240,Bcin06g05680
AT2G04280,Bcin06g05680
AT5G43840,Bcin06g05680
AT2G12400,Bcin06g05680
AT3G12080,Bcin06g05680
AT2G20770,Bcin06g05680
AT2G21530,Bcin06g05680
AT2G21820,Bcin06g05680
AT2G21970,Bcin06g05680
AT2G22420,Bcin06g05680
AT2G22840,Bcin06g05680
AT2G23390,Bcin06g05680
AT2G23610,Bcin06g05680
AT2G24090,Bcin06g05680
AT5G57100,Bcin06g05680
AT5G57930,Bcin06g05680
AT2G26330,Bcin06g05680
AT2G26360,Bcin06g05680
AT2G26840,Bcin06g05680
AT5G60680,Bcin06g05680
AT2G27680,Bcin06g05680
AT2G32645,Bcin06g05680
AT3G47500,Bcin06g05680
AT2G33250,Bcin06g05680
AT3G48410,Bcin06g05680
AT2G36250,Bcin06g05680
AT2G37200,Bcin06g05680
AT3G51820,Bcin06g05680
AT3G52840,Bcin06g05680
AT3G53240,Bcin06g05680
AT2G40130,Bcin06g05680
AT2G41190,Bcin06g05680
AT3G56690,Bcin06g05680
AT2G41620,Bcin06g05680
AT2G42620,Bcin06g05680
AT2G43010,Bcin06g05680
AT2G47910,Bcin06g05680
AT3G01310,Bcin06g05680
AT3G04260,Bcin06g05680
AT3G04550,Bcin06g05680
AT3G05936,Bcin06g05680
AT5G28500,Bcin06g05680
AT3G07310,Bcin06g05680
AT3G10020,Bcin06g05680
AT4G21650,Bcin06g05680
AT3G13180,Bcin06g05680
AT3G13674,Bcin06g05680
AT4G23890,Bcin06g05680
AT3G15380,Bcin06g05680
AT5G49120,Bcin06g05680
AT3G18000,Bcin06g05680
AT3G18500,Bcin06g05680
AT3G19780,Bcin06g05680
AT3G21580,Bcin06g05680
AT3G21760,Bcin06g05680
AT3G22550,Bcin06g05680
AT3G24520,Bcin06g05680
AT4G32910,Bcin06g05680
AT3G28270,Bcin06g05680
AT3G44735,Bcin06g05680
AT4G36660,Bcin06g05680
AT3G45770,Bcin06g05680
AT4G37470,Bcin06g05680
AT4G37510,Bcin06g05680
AT4G38430,Bcin06g05680
AT3G48820,Bcin06g05680
AT3G48830,Bcin06g05680
AT4G38970,Bcin06g05680
AT4G30720,Bcin06g05680
AT4G17740,Bcin06g05680
AT3G53510,Bcin06g05680
AT3G54090,Bcin06g05680
AT5G03940,Bcin06g05680
AT5G47640,Bcin06g05680
AT5G10930,Bcin06g05680
AT3G61880,Bcin06g05680
AT3G62550,Bcin06g05680
AT3G62910,Bcin06g05680
AT3G63520,Bcin06g05680
AT5G23980,Bcin06g05680
AT4G29905,Bcin06g05680
AT5G54980,Bcin06g05680
AT4G30920,Bcin06g05680
AT4G31115,Bcin06g05680
AT5G44670,Bcin06g05680
AT5G58000,Bcin06g05680
AT4G34830,Bcin06g05680
AT5G48440,Bcin06g05680
AT4G24090,Bcin06g05680
AT5G64860,Bcin06g05680
AT5G51110,Bcin06g05680
AT4G27710,Bcin06g05680
AT4G29400,Bcin06g05680
AT4G38580,Bcin06g05680
AT5G03230,Bcin06g05680
AT5G57040,Bcin06g05680
AT5G42310,Bcin06g05680
AT5G57960,Bcin06g05680
AT5G15500,Bcin06g05680
AT5G18570,Bcin06g05680
AT4G36900,Bcin06g05680
AT5G52440,Bcin06g05680
AT5G20935,Bcin06g05680
AT5G52030,Bcin06g05680
AT3G57190,Bcin06g06720
AT3G48110,Bcin06g06720
AT3G44798,Bcin06g06720
AT3G06210,Bcin06g06720
AT1G72310,Bcin06g06720
AT4G19890,Bcin06g06720
AT1G70180,Bcin06g06720
AT4G22120,Bcin06g06720
AT1G73380,Bcin06g06720
AT5G05680,Bcin06g06720
AT5G02650,Bcin06g06720
AT3G17950,Bcin06g06720
AT1G75370,Bcin06g06720
AT1G60790,Bcin06g06720
AT3G60070,Bcin06g06720
AT4G15810,Bcin06g06720
AT2G37360,Bcin06g06720
AT4G39470,Bcin06g06720
AT4G39550,Bcin06g06720
AT2G04890,Bcin06g06720
AT2G17650,Bcin06g06720
AT5G44920,Bcin06g06720
AT4G22280,Bcin06g06720
AT3G13980,Bcin06g06720
AT5G49020,Bcin06g06720
AT4G25515,Bcin06g06720
AT4G27610,Bcin06g06720
AT4G38440,Bcin06g06720
AT4G01915,Bcin06g06720
AT5G26622,Bcin06g06720
AT1G14590,Bcin06g06720
AT2G25840,Bcin06g06720
AT2G26070,Bcin06g06720
AT3G27990,Bcin06g06720
AT4G34730,Bcin06g06720
AT5G58960,Bcin06g06720
AT2G27590,Bcin06g06720
AT5G60850,Bcin06g06720
AT2G32650,Bcin06g06720
AT3G04717,Bcin09g03390
AT3G04717,Bcin09g03390
AT2G01890,Bcin09g03390
AT2G01890,Bcin09g03390
AT4G24110,Bcin09g03390
AT4G25120,Bcin09g03390
AT4G25120,Bcin09g03390
AT4G24110,Bcin09g03390
AT2G20635,Bcin09g03390
AT2G20635,Bcin09g03390
AT5G05290,Bcin09g03390
AT5G05290,Bcin09g03390
AT1G01550,Bcin09g06590
AT1G01550,Bcin09g06590
AT1G01550,Bcin09g06590
AT1G01550,Bcin09g06590
AT1G03080,Bcin09g06590
AT1G03080,Bcin09g06590
AT1G03080,Bcin09g06590
AT1G03080,Bcin09g06590
AT1G05960,Bcin09g06590
AT1G05960,Bcin09g06590
AT1G05960,Bcin09g06590
AT1G05960,Bcin09g06590
AT1G08620,Bcin09g06590
AT1G08620,Bcin09g06590
AT1G08620,Bcin09g06590
AT1G08620,Bcin09g06590
AT1G10050,Bcin09g06590
AT1G10050,Bcin09g06590
AT1G10050,Bcin09g06590
AT1G10050,Bcin09g06590
AT1G26880,Bcin09g06590
AT1G26880,Bcin09g06590
AT1G26880,Bcin09g06590
AT1G26880,Bcin09g06590
AT1G31870,Bcin09g06590
AT1G31870,Bcin09g06590
AT1G31870,Bcin09g06590
AT1G31870,Bcin09g06590
AT1G53570,Bcin09g06590
AT1G53570,Bcin09g06590
AT1G53570,Bcin09g06590
AT1G53570,Bcin09g06590
AT1G60850,Bcin09g06590
AT1G60850,Bcin09g06590
AT1G60850,Bcin09g06590
AT1G60850,Bcin09g06590
AT1G68990,Bcin09g06590
AT1G68990,Bcin09g06590
AT1G68990,Bcin09g06590
AT1G68990,Bcin09g06590
AT1G78870,Bcin09g06590
AT1G78870,Bcin09g06590
AT1G78870,Bcin09g06590
AT1G78870,Bcin09g06590
AT1G79920,Bcin09g06590
AT1G79920,Bcin09g06590
AT1G79920,Bcin09g06590
AT1G79920,Bcin09g06590
AT4G16210,Bcin09g06590
AT4G21670,Bcin09g06590
AT2G14120,Bcin09g06590
AT2G14120,Bcin09g06590
AT2G14120,Bcin09g06590
AT2G14120,Bcin09g06590
AT2G18750,Bcin09g06590
AT2G18750,Bcin09g06590
AT2G18750,Bcin09g06590
AT2G18750,Bcin09g06590
AT4G27500,Bcin09g06590
AT4G27500,Bcin09g06590
AT2G27020,Bcin09g06590
AT2G27020,Bcin09g06590
AT2G27020,Bcin09g06590
AT2G27020,Bcin09g06590
AT2G30440,Bcin09g06590
AT2G30440,Bcin09g06590
AT2G30440,Bcin09g06590
AT2G30440,Bcin09g06590
AT2G35510,Bcin09g06590
AT2G35510,Bcin09g06590
AT2G35510,Bcin09g06590
AT2G35510,Bcin09g06590
AT2G46520,Bcin09g06590
AT2G46520,Bcin09g06590
AT2G46520,Bcin09g06590
AT2G46520,Bcin09g06590
AT5G07740,Bcin09g06590
AT5G07740,Bcin09g06590
AT3G07680,Bcin09g06590
AT3G07680,Bcin09g06590
AT3G07680,Bcin09g06590
AT3G07680,Bcin09g06590
AT3G11880,Bcin09g06590
AT3G11880,Bcin09g06590
AT3G11880,Bcin09g06590
AT3G11880,Bcin09g06590
AT3G12570,Bcin09g06590
AT3G12570,Bcin09g06590
AT3G12570,Bcin09g06590
AT3G12570,Bcin09g06590
AT3G13940,Bcin09g06590
AT3G13940,Bcin09g06590
AT3G13940,Bcin09g06590
AT3G13940,Bcin09g06590
AT3G17900,Bcin09g06590
AT3G17900,Bcin09g06590
AT3G17900,Bcin09g06590
AT3G17900,Bcin09g06590
AT3G21480,Bcin09g06590
AT3G21480,Bcin09g06590
AT3G21480,Bcin09g06590
AT3G21480,Bcin09g06590
AT3G26080,Bcin09g06590
AT3G26080,Bcin09g06590
AT3G26080,Bcin09g06590
AT3G26080,Bcin09g06590
AT3G45640,Bcin09g06590
AT3G45640,Bcin09g06590
AT3G45640,Bcin09g06590
AT3G45640,Bcin09g06590
AT3G45740,Bcin09g06590
AT3G45740,Bcin09g06590
AT3G45740,Bcin09g06590
AT3G45740,Bcin09g06590
AT3G46060,Bcin09g06590
AT3G46060,Bcin09g06590
AT3G46060,Bcin09g06590
AT3G46060,Bcin09g06590
AT3G47670,Bcin09g06590
AT3G47670,Bcin09g06590
AT3G47670,Bcin09g06590
AT3G47670,Bcin09g06590
AT3G48760,Bcin09g06590
AT3G48760,Bcin09g06590
AT3G48760,Bcin09g06590
AT3G48760,Bcin09g06590
AT3G55050,Bcin09g06590
AT3G55050,Bcin09g06590
AT3G55050,Bcin09g06590
AT3G55050,Bcin09g06590
AT3G57530,Bcin09g06590
AT3G57530,Bcin09g06590
AT3G57530,Bcin09g06590
AT3G57530,Bcin09g06590
AT3G60800,Bcin09g06590
AT3G60800,Bcin09g06590
AT3G60800,Bcin09g06590
AT3G60800,Bcin09g06590
AT3G62310,Bcin09g06590
AT3G62310,Bcin09g06590
AT3G62310,Bcin09g06590
AT3G62310,Bcin09g06590
AT3G62570,Bcin09g06590
AT3G62570,Bcin09g06590
AT3G62570,Bcin09g06590
AT3G62570,Bcin09g06590
AT4G03260,Bcin09g06590
AT4G03260,Bcin09g06590
AT4G03260,Bcin09g06590
AT4G03260,Bcin09g06590
AT4G08460,Bcin09g06590
AT4G08460,Bcin09g06590
AT4G08460,Bcin09g06590
AT4G08460,Bcin09g06590
AT4G13350,Bcin09g06590
AT4G13350,Bcin09g06590
AT4G13350,Bcin09g06590
AT4G13350,Bcin09g06590
AT4G13370,Bcin09g06590
AT4G13370,Bcin09g06590
AT4G13370,Bcin09g06590
AT4G13370,Bcin09g06590
AT4G15260,Bcin09g06590
AT4G15260,Bcin09g06590
AT4G15260,Bcin09g06590
AT4G15260,Bcin09g06590
AT4G16210,Bcin09g06590
AT4G16210,Bcin09g06590
AT4G16210,Bcin09g06590
AT5G13850,Bcin09g06590
AT5G13850,Bcin09g06590
AT4G21670,Bcin09g06590
AT4G21670,Bcin09g06590
AT4G21670,Bcin09g06590
AT5G14780,Bcin09g06590
AT5G14780,Bcin09g06590
AT5G16280,Bcin09g06590
AT5G16280,Bcin09g06590
AT4G27500,Bcin09g06590
AT5G16280,Bcin09g06590
AT5G44290,Bcin09g06590
AT4G27500,Bcin09g06590
AT4G31750,Bcin09g06590
AT4G31750,Bcin09g06590
AT4G31750,Bcin09g06590
AT4G31750,Bcin09g06590
AT5G02270,Bcin09g06590
AT5G02270,Bcin09g06590
AT5G02270,Bcin09g06590
AT5G02270,Bcin09g06590
AT5G04410,Bcin09g06590
AT5G04410,Bcin09g06590
AT5G04410,Bcin09g06590
AT5G04410,Bcin09g06590
AT5G58430,Bcin09g06590
AT5G58430,Bcin09g06590
AT5G07740,Bcin09g06590
AT5G44290,Bcin09g06590
AT5G13850,Bcin09g06590
AT5G07740,Bcin09g06590
AT5G10600,Bcin09g06590
AT5G10600,Bcin09g06590
AT5G10600,Bcin09g06590
AT5G10600,Bcin09g06590
AT5G11900,Bcin09g06590
AT5G11900,Bcin09g06590
AT5G11900,Bcin09g06590
AT5G11900,Bcin09g06590
AT5G13850,Bcin09g06590
AT5G44290,Bcin09g06590
AT5G49930,Bcin09g06590
AT5G49930,Bcin09g06590
AT5G14780,Bcin09g06590
AT5G14780,Bcin09g06590
AT5G16280,Bcin09g06590
AT5G57990,Bcin09g06590
AT5G57990,Bcin09g06590
AT5G57990,Bcin09g06590
AT5G49930,Bcin09g06590
AT5G58430,Bcin09g06590
AT5G58430,Bcin09g06590
AT5G44290,Bcin09g06590
AT5G57990,Bcin09g06590
AT5G49930,Bcin09g06590
