,Gene,HotSpotNearestGene
1,AT1G01540,Bcin01g01610
2,AT1G01970,Bcin01g01610
3,AT1G03160,Bcin01g01610
4,AT1G03310,Bcin01g01610
5,AT1G03830,Bcin01g01610
6,AT1G04420,Bcin01g01610
7,AT1G06680,Bcin01g01610
8,AT1G08610,Bcin01g01610
9,AT1G11860,Bcin01g01610
10,AT1G12800,Bcin01g01610
11,AT1G13170,Bcin01g01610
12,AT1G13980,Bcin01g01610
13,AT1G14030,Bcin01g01610
14,AT1G15215,Bcin01g01610
15,AT1G15290,Bcin01g01610
16,AT1G15820,Bcin01g01610
17,AT1G16780,Bcin01g01610
18,AT1G17220,Bcin01g01610
19,AT1G19000,Bcin01g01610
20,AT1G22700,Bcin01g01610
21,AT1G23740,Bcin01g01610
22,AT1G24040,Bcin01g01610
23,AT1G24450,Bcin01g01610
24,AT1G26230,Bcin01g01610
25,AT1G26650,Bcin01g01610
26,AT1G28440,Bcin01g01610
27,AT1G29700,Bcin01g01610
28,AT1G30380,Bcin01g01610
29,AT1G42970,Bcin01g01610
30,AT1G48350,Bcin01g01610
31,AT1G50910,Bcin01g01610
32,AT1G54200,Bcin01g01610
33,AT1G54350,Bcin01g01610
34,AT1G54500,Bcin01g01610
35,AT1G54780,Bcin01g01610
36,AT1G55360,Bcin01g01610
37,AT1G55490,Bcin01g01610
38,AT1G56090,Bcin01g01610
39,AT1G56230,Bcin01g01610
40,AT1G56500,Bcin01g01610
41,AT1G58290,Bcin01g01610
42,AT1G60000,Bcin01g01610
43,AT1G60800,Bcin01g01610
44,AT1G64400,Bcin01g01610
45,AT1G66430,Bcin01g01610
46,AT1G68890,Bcin01g01610
47,AT1G70280,Bcin01g01610
48,AT1G70940,Bcin01g01610
49,AT1G72030,Bcin01g01610
50,AT1G72090,Bcin01g01610
51,AT1G73885,Bcin01g01610
52,AT1G75130,Bcin01g01610
53,AT1G77131,Bcin01g01610
54,AT1G78060,Bcin01g01610
55,AT1G79500,Bcin01g01610
56,AT1G79560,Bcin01g01610
57,AT2G01080,Bcin01g01610
58,AT2G03890,Bcin01g01610
59,AT2G05920,Bcin01g01610
60,AT2G13440,Bcin01g01610
61,AT2G17150,Bcin01g01610
62,AT2G21340,Bcin01g01610
63,AT2G24270,Bcin01g01610
64,AT2G24290,Bcin01g01610
65,AT2G25480,Bcin01g01610
66,AT2G26730,Bcin01g01610
67,AT2G27040,Bcin01g01610
68,AT2G27060,Bcin01g01610
69,AT2G28000,Bcin01g01610
70,AT2G28070,Bcin01g01610
71,AT2G28150,Bcin01g01610
72,AT2G28550,Bcin01g01610
73,AT2G29630,Bcin01g01610
74,AT2G33500,Bcin01g01610
75,AT2G33800,Bcin01g01610
76,AT2G35470,Bcin01g01610
77,AT2G35500,Bcin01g01610
78,AT2G35780,Bcin01g01610
79,AT2G35950,Bcin01g01610
80,AT2G36000,Bcin01g01610
81,AT2G36145,Bcin01g01610
82,AT2G36350,Bcin01g01610
83,AT2G36390,Bcin01g01610
84,AT2G36990,Bcin01g01610
85,AT2G37050,Bcin01g01610
86,AT2G37330,Bcin01g01610
87,AT2G37790,Bcin01g01610
88,AT2G37860,Bcin01g01610
89,AT2G38630,Bcin01g01610
90,AT2G39670,Bcin01g01610
91,AT2G39930,Bcin01g01610
92,AT2G40640,Bcin01g01610
93,AT2G42600,Bcin01g01610
94,AT2G43800,Bcin01g01610
95,AT2G44640,Bcin01g01610
96,AT2G45340,Bcin01g01610
97,AT2G47450,Bcin01g01610
98,AT2G47590,Bcin01g01610
99,AT3G01480,Bcin01g01610
100,AT3G02060,Bcin01g01610
101,AT3G02250,Bcin01g01610
102,AT3G02690,Bcin01g01610
103,AT3G04340,Bcin01g01610
104,AT3G05910,Bcin01g01610
105,AT3G06430,Bcin01g01610
106,AT3G06440,Bcin01g01610
107,AT3G06570,Bcin01g01610
108,AT3G07410,Bcin01g01610
109,AT3G07670,Bcin01g01610
110,AT3G07990,Bcin01g01610
111,AT3G08680,Bcin01g01610
112,AT3G10160,Bcin01g01610
113,AT3G12690,Bcin01g01610
114,AT3G12780,Bcin01g01610
115,AT3G13510,Bcin01g01610
116,AT3G14120,Bcin01g01610
117,AT3G14240,Bcin01g01610
118,AT3G14650,Bcin01g01610
119,AT3G15480,Bcin01g01610
120,AT3G16290,Bcin01g01610
121,AT3G17330,Bcin01g01610
122,AT3G18050,Bcin01g01610
123,AT3G18110,Bcin01g01610
124,AT3G18160,Bcin01g01610
125,AT3G18490,Bcin01g01610
126,AT3G18680,Bcin01g01610
127,AT3G18890,Bcin01g01610
128,AT3G19120,Bcin01g01610
129,AT3G19720,Bcin01g01610
130,AT3G19820,Bcin01g01610
131,AT3G20100,Bcin01g01610
132,AT3G22780,Bcin01g01610
133,AT3G24660,Bcin01g01610
134,AT3G26300,Bcin01g01610
135,AT3G29320,Bcin01g01610
136,AT3G46550,Bcin01g01610
137,AT3G46780,Bcin01g01610
138,AT3G46970,Bcin01g01610
139,AT3G47650,Bcin01g01610
140,AT3G49290,Bcin01g01610
141,AT3G49500,Bcin01g01610
142,AT3G52750,Bcin01g01610
143,AT3G52940,Bcin01g01610
144,AT3G55800,Bcin01g01610
145,AT3G56130,Bcin01g01610
146,AT3G56370,Bcin01g01610
147,AT3G56940,Bcin01g01610
148,AT3G56960,Bcin01g01610
149,AT3G58690,Bcin01g01610
150,AT3G59400,Bcin01g01610
151,AT3G59780,Bcin01g01610
152,AT3G62110,Bcin01g01610
153,AT3G63140,Bcin01g01610
154,AT4G00150,Bcin01g01610
155,AT4G00520,Bcin01g01610
156,AT4G01030,Bcin01g01610
157,AT4G01050,Bcin01g01610
158,AT4G03150,Bcin01g01610
159,AT4G04340,Bcin01g01610
160,AT4G04640,Bcin01g01610
161,AT4G04850,Bcin01g01610
162,AT4G04890,Bcin01g01610
163,AT4G05180,Bcin01g01610
164,AT4G13990,Bcin01g01610
165,AT4G14605,Bcin01g01610
166,AT4G16400,Bcin01g01610
167,AT4G18060,Bcin01g01610
168,AT4G18370,Bcin01g01610
169,AT4G18480,Bcin01g01610
170,AT4G20130,Bcin01g01610
171,AT4G20310,Bcin01g01610
172,AT4G22130,Bcin01g01610
173,AT4G23790,Bcin01g01610
174,AT4G26620,Bcin01g01610
175,AT4G26760,Bcin01g01610
176,AT4G27440,Bcin01g01610
177,AT4G30020,Bcin01g01610
178,AT4G32410,Bcin01g01610
179,AT4G37480,Bcin01g01610
180,AT4G39040,Bcin01g01610
181,AT4G39400,Bcin01g01610
182,AT5G01590,Bcin01g01610
183,AT5G04110,Bcin01g01610
184,AT5G06510,Bcin01g01610
185,AT5G08400,Bcin01g01610
186,AT5G10690,Bcin01g01610
187,AT5G11450,Bcin01g01610
188,AT5G11580,Bcin01g01610
189,AT5G12150,Bcin01g01610
190,AT5G13630,Bcin01g01610
191,AT5G16715,Bcin01g01610
192,AT5G16810,Bcin01g01610
193,AT5G17600,Bcin01g01610
194,AT5G19670,Bcin01g01610
195,AT5G23060,Bcin01g01610
196,AT5G23310,Bcin01g01610
197,AT5G24300,Bcin01g01610
198,AT5G24310,Bcin01g01610
199,AT5G26570,Bcin01g01610
200,AT5G33280,Bcin01g01610
201,AT5G36170,Bcin01g01610
202,AT5G39410,Bcin01g01610
203,AT5G39830,Bcin01g01610
204,AT5G42480,Bcin01g01610
205,AT5G43600,Bcin01g01610
206,AT5G44530,Bcin01g01610
207,AT5G44650,Bcin01g01610
208,AT5G46390,Bcin01g01610
209,AT5G47630,Bcin01g01610
210,AT5G47800,Bcin01g01610
211,AT5G50375,Bcin01g01610
212,AT5G51820,Bcin01g01610
213,AT5G54770,Bcin01g01610
214,AT5G57030,Bcin01g01610
215,AT5G58250,Bcin01g01610
216,AT5G59010,Bcin01g01610
217,AT5G66190,Bcin01g01610
218,AT5G66420,Bcin01g01610
219,AT5G66470,Bcin01g01610
220,AT1G01050,Bcin10g05900
221,AT1G07720,Bcin10g05900
222,AT1G08180,Bcin10g05900
223,AT1G10380,Bcin10g05900
224,AT1G11150,Bcin10g05900
225,AT1G17370,Bcin10g05900
226,AT1G17940,Bcin10g05900
227,AT1G18610,Bcin10g05900
228,AT1G20560,Bcin10g05900
229,AT1G21780,Bcin10g05900
230,AT1G22750,Bcin10g05900
231,AT1G25145,Bcin10g05900
232,AT1G27950,Bcin10g05900
233,AT1G36070,Bcin10g05900
234,AT1G36160,Bcin10g05900
235,AT1G42960,Bcin10g05900
236,AT1G45249,Bcin10g05900
237,AT1G53280,Bcin10g05900
238,AT1G56580,Bcin10g05900
239,AT1G62050,Bcin10g05900
240,AT1G62250,Bcin10g05900
241,AT1G67300,Bcin10g05900
242,AT1G67660,Bcin10g05900
243,AT1G68080,Bcin10g05900
244,AT1G68530,Bcin10g05900
245,AT1G69295,Bcin10g05900
246,AT1G74410,Bcin10g05900
247,AT1G76860,Bcin10g05900
248,AT1G78882,Bcin10g05900
249,AT1G79630,Bcin10g05900
250,AT1G80030,Bcin10g05900
251,AT2G01110,Bcin10g05900
252,AT2G20100,Bcin10g05900
253,AT2G20724,Bcin10g05900
254,AT2G21170,Bcin10g05900
255,AT2G22080,Bcin10g05900
256,AT2G23980,Bcin10g05900
257,AT2G30700,Bcin10g05900
258,AT2G32810,Bcin10g05900
259,AT2G36910,Bcin10g05900
260,AT2G39940,Bcin10g05900
261,AT2G40920,Bcin10g05900
262,AT2G43710,Bcin10g05900
263,AT2G44940,Bcin10g05900
264,AT2G45960,Bcin10g05900
265,AT2G45990,Bcin10g05900
266,AT2G46270,Bcin10g05900
267,AT2G46920,Bcin10g05900
268,AT2G47850,Bcin10g05900
269,AT3G01590,Bcin10g05900
270,AT3G02540,Bcin10g05900
271,AT3G04020,Bcin10g05900
272,AT3G05935,Bcin10g05900
273,AT3G11670,Bcin10g05900
274,AT3G13040,Bcin10g05900
275,AT3G15350,Bcin10g05900
276,AT3G15410,Bcin10g05900
277,AT3G15940,Bcin10g05900
278,AT3G16200,Bcin10g05900
279,AT3G19290,Bcin10g05900
280,AT3G20300,Bcin10g05900
281,AT3G23910,Bcin10g05900
282,AT5G20380,Bcin10g05900
283,AT3G28730,Bcin10g05900
284,AT3G44020,Bcin10g05900
285,AT3G51980,Bcin10g05900
286,AT3G53420,Bcin10g05900
287,AT3G54020,Bcin10g05900
288,AT3G54200,Bcin10g05900
289,AT3G55005,Bcin10g05900
290,AT3G55610,Bcin10g05900
291,AT3G58670,Bcin10g05900
292,AT3G61420,Bcin10g05900
293,AT3G61890,Bcin10g05900
294,AT3G62660,Bcin10g05900
295,AT3G62700,Bcin10g05900
296,AT3G62800,Bcin10g05900
297,AT4G00040,Bcin10g05900
298,AT4G12310,Bcin10g05900
299,AT4G12460,Bcin10g05900
300,AT4G15110,Bcin10g05900
301,AT4G16180,Bcin10g05900
302,AT4G16765,Bcin10g05900
303,AT4G23630,Bcin10g05900
304,AT4G25290,Bcin10g05900
305,AT4G30960,Bcin10g05900
306,AT4G31590,Bcin10g05900
307,AT4G33700,Bcin10g05900
308,AT4G34000,Bcin10g05900
309,AT4G36190,Bcin10g05900
310,AT4G37270,Bcin10g05900
311,AT4G38730,Bcin10g05900
312,AT4G39100,Bcin10g05900
313,AT4G39730,Bcin10g05900
314,AT5G03190,Bcin10g05900
315,AT5G06280,Bcin10g05900
316,AT5G08410,Bcin10g05900
317,AT5G12140,Bcin10g05900
318,AT5G16990,Bcin10g05900
319,AT5G17550,Bcin10g05900
320,AT5G19840,Bcin10g05900
321,AT5G20070,Bcin10g05900
322,AT5G65840,Bcin10g05900
323,AT5G23410,Bcin10g05900
324,AT5G37360,Bcin10g05900
325,AT5G41850,Bcin10g05900
326,AT5G42990,Bcin10g05900
327,AT5G43150,Bcin10g05900
328,AT5G47650,Bcin10g05900
329,AT5G47760,Bcin10g05900
330,AT5G59800,Bcin10g05900
331,AT5G60980,Bcin10g05900
332,AT5G62940,Bcin10g05900
333,AT5G63860,Bcin10g05900
334,AT5G64280,Bcin10g05900
335,AT5G66050,Bcin10g05900
336,AT5G67130,Bcin10g05900
337,AT3G24770,Bcin10g00940
338,AT3G19580,Bcin12g00330
339,AT3G43300,Bcin12g00330
340,AT5G64220,Bcin12g00330
341,AT2G34670,Bcin12g00330
342,AT2G41740,Bcin12g02130
343,AT2G38360,Bcin12g02130
344,AT5G27760,Bcin12g02130
345,AT1G08800,Bcin12g02130
346,AT5G54860,Bcin12g02130
347,AT5G62620,Bcin12g02130
348,AT5G02490,Bcin12g02130
349,AT3G23530,Bcin12g02130
350,AT4G12250,Bcin12g02130
351,AT4G25030,Bcin12g02130
352,AT3G23150,Bcin12g02130
353,AT4G29670,Bcin12g02130
354,AT5G47140,Bcin12g02130
355,AT4G27070,Bcin12g02130
356,AT3G15060,Bcin12g02130
357,AT2G16900,Bcin12g02130
358,AT5G41990,Bcin12g02130
359,AT4G18950,Bcin12g02130
360,AT1G11200,Bcin12g02130
361,AT4G38940,Bcin12g02130
362,ATMG00160,Bcin12g02130
363,AT4G17070,Bcin12g02130
364,AT3G57380,Bcin12g02130
365,AT1G71100,Bcin12g02130
366,AT1G77840,Bcin12g02130
367,AT2G29660,Bcin12g02130
368,AT4G36480,Bcin12g02130
369,AT5G62180,Bcin12g02130
370,AT5G39320,Bcin12g02130
371,AT3G56200,Bcin12g02130
372,AT4G02940,Bcin12g02130
373,AT1G15430,Bcin12g02130
374,AT3G52540,Bcin12g02130
375,AT5G13280,Bcin12g02130
376,AT4G04610,Bcin12g02130
377,AT2G30020,Bcin12g02130
378,AT5G13420,Bcin12g02130
379,AT4G15610,Bcin12g02130
380,AT2G18690,Bcin12g02130
381,AT2G41110,Bcin12g02130
382,AT4G34135,Bcin12g02130
383,AT3G55430,Bcin12g02130
384,AT1G26910,Bcin12g02130
385,AT3G05390,Bcin12g02130
386,AT2G05260,Bcin12g02130
387,AT3G13100,Bcin12g02130
388,AT4G24160,Bcin12g02130
389,AT5G44380,Bcin12g02130
390,AT1G07630,Bcin12g02130
391,AT2G15490,Bcin12g02130
392,AT2G13650,Bcin12g02130
393,AT5G61780,Bcin12g02130
394,AT1G77670,Bcin12g02130
395,AT2G24050,Bcin12g02130
396,AT5G26680,Bcin12g02130
397,AT5G02100,Bcin12g02130
398,AT1G79410,Bcin12g02130
399,AT2G32235,Bcin12g02130
400,AT2G30060,Bcin12g02130
401,AT2G27500,Bcin12g02130
402,AT2G26310,Bcin12g02130
403,AT3G22890,Bcin12g02130
404,AT1G76600,Bcin12g02130
405,AT2G30870,Bcin12g02130
406,AT3G19130,Bcin12g02130
407,AT1G19360,Bcin12g02130
408,AT1G24180,Bcin12g02130
409,AT3G07810,Bcin12g02130
410,AT5G39090,Bcin12g02130
411,AT5G12930,Bcin12g02130
412,AT5G55200,Bcin12g02130
413,AT2G34070,Bcin12g02130
414,AT3G09440,Bcin12g02130
415,AT1G63220,Bcin12g02130
416,AT2G34500,Bcin12g02130
417,AT5G56010,Bcin12g02130
418,AT4G13920,Bcin12g02130
419,AT2G44070,Bcin12g02130
420,AT5G54650,Bcin12g02130
421,AT3G10640,Bcin12g02130
422,AT1G02920,Bcin12g02130
423,AT2G24100,Bcin12g02130
424,AT1G30270,Bcin12g02130
425,AT2G36950,Bcin12g02130
426,AT5G59550,Bcin12g02130
427,AT1G05680,Bcin12g02130
428,AT1G68410,Bcin12g02130
429,AT4G33430,Bcin12g02130
430,AT4G35080,Bcin12g02130
431,AT1G56140,Bcin12g02130
432,AT1G70630,Bcin12g02130
433,AT3G07080,Bcin12g02130
434,AT4G33770,Bcin12g02130
435,AT3G20860,Bcin12g02130
436,AT5G26667,Bcin12g02130
437,AT1G09630,Bcin12g02130
438,AT1G27760,Bcin12g02130
439,AT5G54170,Bcin12g02130
440,AT5G67510,Bcin12g02130
441,AT4G17720,Bcin12g02130
442,AT3G44110,Bcin12g02130
443,AT5G15640,Bcin12g02130
444,AT3G16270,Bcin12g02130
445,AT1G18480,Bcin12g02130
446,AT5G49480,Bcin12g02130
447,AT3G48890,Bcin12g02130
448,AT1G63090,Bcin12g02130
449,AT3G09570,Bcin12g02130
450,AT3G06300,Bcin12g02130
451,AT3G16760,Bcin12g02130
452,AT1G54820,Bcin12g02130
453,AT3G50260,Bcin12g02130
454,AT1G05010,Bcin12g02130
455,AT1G08290,Bcin12g02130
456,AT3G62590,Bcin12g02130
457,AT1G13340,Bcin12g02130
458,AT1G73080,Bcin12g02130
459,AT3G26932,Bcin12g02130
460,AT3G15356,Bcin12g02130
461,AT1G19180,Bcin12g02130
462,AT1G72800,Bcin12g02130
463,AT1G68820,Bcin12g02130
464,AT3G46660,Bcin12g02130
465,AT2G24490,Bcin12g02130
466,AT1G25083,Bcin12g02130
467,AT3G26830,Bcin12g02130
468,AT3G51860,Bcin12g02130
469,AT4G24830,Bcin12g02130
470,AT1G67810,Bcin12g02130
471,AT1G79930,Bcin12g02130
472,AT1G04970,Bcin12g02130
473,AT3G26090,Bcin12g02130
474,AT2G29470,Bcin12g02130
475,AT4G01360,Bcin12g02130
476,AT4G15955,Bcin12g02130
477,AT4G16260,Bcin12g02130
478,AT3G46658,Bcin12g02130
479,AT4G16680,Bcin12g02130
480,AT1G73810,Bcin12g02130
481,AT1G51710,Bcin12g02130
482,AT4G13500,Bcin12g02130
483,AT1G64142,Bcin12g02130
484,AT4G35630,Bcin12g02130
485,AT3G44860,Bcin12g02130
486,AT4G00550,Bcin12g02130
487,AT4G18740,Bcin12g02130
488,AT4G08510,Bcin12g02130
489,AT2G31945,Bcin12g02130
490,AT4G01870,Bcin12g02130
491,AT2G45570,Bcin12g02130
492,AT1G11580,Bcin12g02130
493,AT1G30620,Bcin12g02130
494,AT4G22470,Bcin12g02130
495,AT2G06050,Bcin12g02130
496,AT3G53180,Bcin12g02130
497,AT1G07810,Bcin12g02130
498,AT2G23170,Bcin12g02130
499,AT3G59140,Bcin12g02130
500,AT2G34810,Bcin12g02130
501,AT4G18800,Bcin12g02130
502,AT1G03060,Bcin12g02130
503,AT5G20230,Bcin12g02130
504,AT5G20830,Bcin12g02130
505,AT3G26840,Bcin12g02130
506,AT1G66700,Bcin12g02130
507,AT2G25680,Bcin12g02130
508,AT4G22920,Bcin12g02130
509,AT1G51760,Bcin12g02130
510,AT5G10520,Bcin12g02130
511,AT5G01210,Bcin12g02130
512,AT4G18360,Bcin12g02130
513,AT1G70700,Bcin12g02130
514,AT4G28600,Bcin12g02130
515,AT1G52890,Bcin12g02130
516,AT3G45160,Bcin12g02130
517,AT5G27300,Bcin12g02130
518,AT1G54130,Bcin12g02130
519,AT4G30780,Bcin12g02130
520,AT2G41940,Bcin12g02130
521,AT1G68620,Bcin12g02130
522,AT4G12735,Bcin12g02130
523,AT1G64140,Bcin12g02130
524,AT5G19550,Bcin12g02130
525,ATMG01080,Bcin12g02130
526,AT3G49110,Bcin12g02130
527,AT3G49120,Bcin12g02130
528,AT3G49210,Bcin12g02130
529,AT2G44970,Bcin12g02130
530,AT4G34200,Bcin12g02130
531,AT5G05600,Bcin12g02130
532,AT4G02350,Bcin12g02130
533,AT5G40460,Bcin12g02130
534,AT4G34590,Bcin12g02130
535,AT2G46170,Bcin12g02130
536,AT5G50370,Bcin12g02130
537,AT1G17380,Bcin12g02130
538,AT2G29350,Bcin12g02130
539,AT2G47650,Bcin12g02130
540,AT5G44480,Bcin12g02130
541,AT1G44800,Bcin12g02130
542,AT4G36270,Bcin12g02130
543,AT2G03750,Bcin12g02130
544,AT2G04040,Bcin12g02130
545,AT2G04050,Bcin12g02130
546,AT3G56160,Bcin12g02130
547,AT2G37750,Bcin12g02130
548,AT5G49520,Bcin12g02130
549,AT2G43000,Bcin12g02130
550,AT5G13220,Bcin12g02130
551,AT1G17020,Bcin12g02130
552,AT3G44300,Bcin12g02130
553,AT3G04720,Bcin12g02130
554,AT5G01215,Bcin12g02130
555,AT2G15760,Bcin12g02130
556,AT3G60130,Bcin12g02130
557,AT2G16430,Bcin12g02130
558,AT4G30260,Bcin12g02130
559,AT2G16660,Bcin12g02130
560,AT5G53750,Bcin12g02130
561,AT2G30140,Bcin12g02130
562,AT5G22350,Bcin12g02130
563,AT5G54145,Bcin12g02130
564,AT5G13330,Bcin12g02130
565,AT2G30790,Bcin12g02130
566,AT2G17720,Bcin12g02130
567,AT1G29290,Bcin12g02130
568,AT2G18000,Bcin12g02130
569,AT4G00900,Bcin12g02130
570,AT5G04980,Bcin12g02130
571,AT1G10657,Bcin12g02130
572,AT4G34390,Bcin12g02130
573,AT5G05730,Bcin12g02130
574,AT3G09090,Bcin12g02130
575,AT1G30700,Bcin12g02130
576,AT4G34890,Bcin12g02130
577,AT2G22010,Bcin12g02130
578,AT3G10050,Bcin12g02130
579,AT3G10320,Bcin12g02130
580,AT2G23150,Bcin12g02130
581,AT5G11420,Bcin12g02130
582,AT5G57480,Bcin12g02130
583,AT5G11650,Bcin12g02130
584,AT4G09030,Bcin12g02130
585,AT5G12010,Bcin12g02130
586,AT3G12510,Bcin12g02130
587,AT2G24500,Bcin12g02130
588,AT5G59662,Bcin12g02130
589,AT3G04010,Bcin12g02130
590,AT4G17230,Bcin12g02130
591,AT4G13395,Bcin12g02130
592,AT5G61160,Bcin12g02130
593,AT3G13330,Bcin12g02130
594,AT4G14950,Bcin12g02130
595,AT3G14020,Bcin12g02130
596,AT3G14050,Bcin12g02130
597,AT5G13760,Bcin12g02130
598,AT5G13820,Bcin12g02130
599,AT5G62680,Bcin12g02130
600,AT3G15500,Bcin12g02130
601,AT2G42010,Bcin12g02130
602,AT3G16530,Bcin12g02130
603,AT5G18400,Bcin12g02130
604,AT3G06500,Bcin12g02130
605,AT2G30770,Bcin12g02130
606,AT3G17770,Bcin12g02130
607,AT2G19450,Bcin12g02130
608,AT5G17020,Bcin12g02130
609,AT5G66100,Bcin12g02130
610,AT5G67310,Bcin12g02130
611,AT3G22160,Bcin12g02130
612,AT5G54960,Bcin12g02130
613,AT3G21260,Bcin12g02130
614,AT4G24000,Bcin12g02130
615,AT1G63440,Bcin12g02130
616,AT1G15520,Bcin12g02130
617,AT1G01340,Bcin12g02340
618,AT1G02170,Bcin12g02340
619,AT3G24170,Bcin12g02340
620,AT1G02930,Bcin12g02340
621,AT1G65840,Bcin12g02340
622,AT1G04340,Bcin12g02340
623,AT1G66680,Bcin12g02340
624,AT1G04980,Bcin12g02340
625,AT3G27240,Bcin12g02340
626,AT3G27380,Bcin12g02340
627,AT1G06180,Bcin12g02340
628,AT1G06290,Bcin12g02340
629,AT1G06620,Bcin12g02340
630,AT1G07140,Bcin12g02340
631,AT3G44720,Bcin12g02340
632,AT1G70780,Bcin12g02340
633,AT1G07890,Bcin12g02340
634,AT1G08250,Bcin12g02340
635,AT3G45620,Bcin12g02340
636,AT3G46130,Bcin12g02340
637,AT1G09070,Bcin12g02340
638,AT1G09210,Bcin12g02340
639,AT1G09270,Bcin12g02340
640,AT1G09330,Bcin12g02340
641,AT1G09560,Bcin12g02340
642,AT1G75270,Bcin12g02340
643,AT1G09780,Bcin12g02340
644,AT1G09970,Bcin12g02340
645,AT1G10040,Bcin12g02340
646,AT1G10290,Bcin12g02340
647,AT1G10410,Bcin12g02340
648,AT1G10630,Bcin12g02340
649,AT3G50900,Bcin12g02340
650,AT3G50910,Bcin12g02340
651,AT3G51160,Bcin12g02340
652,AT3G51460,Bcin12g02340
653,AT1G15110,Bcin12g02340
654,AT1G80300,Bcin12g02340
655,AT1G80950,Bcin12g02340
656,AT3G52930,Bcin12g02340
657,AT2G01480,Bcin12g02340
658,AT1G18210,Bcin12g02340
659,AT3G54110,Bcin12g02340
660,AT1G18900,Bcin12g02340
661,AT3G55410,Bcin12g02340
662,AT4G36988,Bcin12g02340
663,AT1G19670,Bcin12g02340
664,AT1G20200,Bcin12g02340
665,AT1G20510,Bcin12g02340
666,AT1G21900,Bcin12g02340
667,AT1G22020,Bcin12g02340
668,AT1G22400,Bcin12g02340
669,AT1G22410,Bcin12g02340
670,AT1G23050,Bcin12g02340
671,AT1G23440,Bcin12g02340
672,AT1G23490,Bcin12g02340
673,AT1G23830,Bcin12g02340
674,AT2G16280,Bcin12g02340
675,AT3G60160,Bcin12g02340
676,AT1G25370,Bcin12g02340
677,AT3G60720,Bcin12g02340
678,AT1G27000,Bcin12g02340
679,AT1G27130,Bcin12g02340
680,AT3G62830,Bcin12g02340
681,AT1G27970,Bcin12g02340
682,AT1G28210,Bcin12g02340
683,AT1G28320,Bcin12g02340
684,AT1G29120,Bcin12g02340
685,AT1G29150,Bcin12g02340
686,AT5G04920,Bcin12g02340
687,AT1G29310,Bcin12g02340
688,AT1G29330,Bcin12g02340
689,AT1G29460,Bcin12g02340
690,AT3G08640,Bcin12g02340
691,AT1G30400,Bcin12g02340
692,AT4G02520,Bcin12g02340
693,AT2G20760,Bcin12g02340
694,AT1G32380,Bcin12g02340
695,AT1G32460,Bcin12g02340
696,AT1G32940,Bcin12g02340
697,AT1G37130,Bcin12g02340
698,AT1G42990,Bcin12g02340
699,AT1G43690,Bcin12g02340
700,AT1G44170,Bcin12g02340
701,AT1G44350,Bcin12g02340
702,AT5G11670,Bcin12g02340
703,AT1G45145,Bcin12g02340
704,AT1G47820,Bcin12g02340
705,AT1G48370,Bcin12g02340
706,AT1G48850,Bcin12g02340
707,AT1G49130,Bcin12g02340
708,AT1G50740,Bcin12g02340
709,AT2G27510,Bcin12g02340
710,AT2G28320,Bcin12g02340
711,AT1G51980,Bcin12g02340
712,AT1G52080,Bcin12g02340
713,AT1G52565,Bcin12g02340
714,AT5G13550,Bcin12g02340
715,AT1G53250,Bcin12g02340
716,AT1G53760,Bcin12g02340
717,AT1G54030,Bcin12g02340
718,AT2G30050,Bcin12g02340
719,AT1G54270,Bcin12g02340
720,AT1G54700,Bcin12g02340
721,AT2G30360,Bcin12g02340
722,AT1G54990,Bcin12g02340
723,AT1G55920,Bcin12g02340
724,AT4G18010,Bcin12g02340
725,AT1G56340,Bcin12g02340
726,AT1G57630,Bcin12g02340
727,AT1G59710,Bcin12g02340
728,AT1G59820,Bcin12g02340
729,AT1G60730,Bcin12g02340
730,AT1G60740,Bcin12g02340
731,AT1G61250,Bcin12g02340
732,AT1G61740,Bcin12g02340
733,AT1G62380,Bcin12g02340
734,AT1G62790,Bcin12g02340
735,AT4G23100,Bcin12g02340
736,AT5G19000,Bcin12g02340
737,AT2G34660,Bcin12g02340
738,AT5G19440,Bcin12g02340
739,AT5G19855,Bcin12g02340
740,AT1G65690,Bcin12g02340
741,AT1G65820,Bcin12g02340
742,AT2G36580,Bcin12g02340
743,AT1G66580,Bcin12g02340
744,AT5G20910,Bcin12g02340
745,AT2G37110,Bcin12g02340
746,AT4G27585,Bcin12g02340
747,AT4G27595,Bcin12g02340
748,AT4G27830,Bcin12g02340
749,AT4G27960,Bcin12g02340
750,AT1G69870,Bcin12g02340
751,AT4G28370,Bcin12g02340
752,AT4G28490,Bcin12g02340
753,AT2G40730,Bcin12g02340
754,AT1G70782,Bcin12g02340
755,AT3G45040,Bcin12g02340
756,AT1G72120,Bcin12g02340
757,AT1G72470,Bcin12g02340
758,AT2G41830,Bcin12g02340
759,AT4G30890,Bcin12g02340
760,AT4G31300,Bcin12g02340
761,AT1G74950,Bcin12g02340
762,AT1G75170,Bcin12g02340
763,AT2G43020,Bcin12g02340
764,AT1G75450,Bcin12g02340
765,AT4G33920,Bcin12g02340
766,AT1G76970,Bcin12g02340
767,AT1G77500,Bcin12g02340
768,AT5G38900,Bcin12g02340
769,AT2G45070,Bcin12g02340
770,AT1G78380,Bcin12g02340
771,AT1G78570,Bcin12g02340
772,AT4G34588,Bcin12g02340
773,AT1G79450,Bcin12g02340
774,AT4G34710,Bcin12g02340
775,AT2G46500,Bcin12g02340
776,AT2G47190,Bcin12g02340
777,AT2G01330,Bcin12g02340
778,AT4G35110,Bcin12g02340
779,AT2G02810,Bcin12g02340
780,AT2G02860,Bcin12g02340
781,AT2G03120,Bcin12g02340
782,AT3G01640,Bcin12g02340
783,AT3G02230,Bcin12g02340
784,AT4G36990,Bcin12g02340
785,AT2G04400,Bcin12g02340
786,AT4G37370,Bcin12g02340
787,AT2G05710,Bcin12g02340
788,AT2G05940,Bcin12g02340
789,AT4G39670,Bcin12g02340
790,AT2G11520,Bcin12g02340
791,AT4G39990,Bcin12g02340
792,AT2G15220,Bcin12g02340
793,AT3G05050,Bcin12g02340
794,AT5G01250,Bcin12g02340
795,AT3G05230,Bcin12g02340
796,AT5G01810,Bcin12g02340
797,AT2G16510,Bcin12g02340
798,AT3G05500,Bcin12g02340
799,AT3G05545,Bcin12g02340
800,AT2G16950,Bcin12g02340
801,AT2G17130,Bcin12g02340
802,AT2G17290,Bcin12g02340
803,AT2G17420,Bcin12g02340
804,AT2G17500,Bcin12g02340
805,AT5G04340,Bcin12g02340
806,AT2G17760,Bcin12g02340
807,AT3G07720,Bcin12g02340
808,AT2G18090,Bcin12g02340
809,AT3G08580,Bcin12g02340
810,AT2G19160,Bcin12g02340
811,AT4G01810,Bcin12g02340
812,AT2G20010,Bcin12g02340
813,AT2G20420,Bcin12g02340
814,AT5G55500,Bcin12g02340
815,AT2G20950,Bcin12g02340
816,AT2G21190,Bcin12g02340
817,AT2G21620,Bcin12g02340
818,AT5G56350,Bcin12g02340
819,AT5G10840,Bcin12g02340
820,AT5G57060,Bcin12g02340
821,AT2G23810,Bcin12g02340
822,AT3G11200,Bcin12g02340
823,AT3G11320,Bcin12g02340
824,AT2G24200,Bcin12g02340
825,AT5G12890,Bcin12g02340
826,AT3G12740,Bcin12g02340
827,AT5G13110,Bcin12g02340
828,AT5G13190,Bcin12g02340
829,AT5G60750,Bcin12g02340
830,AT3G13110,Bcin12g02340
831,AT3G13310,Bcin12g02340
832,AT5G13370,Bcin12g02340
833,AT2G29460,Bcin12g02340
834,AT5G13490,Bcin12g02340
835,AT5G62020,Bcin12g02340
836,AT2G29990,Bcin12g02340
837,AT2G41420,Bcin12g02340
838,AT2G30040,Bcin12g02340
839,AT5G62865,Bcin12g02340
840,AT5G14420,Bcin12g02340
841,AT5G15090,Bcin12g02340
842,AT5G63680,Bcin12g02340
843,AT2G30550,Bcin12g02340
844,AT5G16510,Bcin12g02340
845,AT5G16720,Bcin12g02340
846,AT5G16910,Bcin12g02340
847,AT2G31390,Bcin12g02340
848,AT2G31400,Bcin12g02340
849,AT5G17380,Bcin12g02340
850,AT2G31955,Bcin12g02340
851,AT2G32140,Bcin12g02340
852,AT5G17990,Bcin12g02340
853,AT2G33700,Bcin12g02340
854,AT5G18150,Bcin12g02340
855,AT2G34250,Bcin12g02340
856,AT2G34355,Bcin12g02340
857,AT5G67600,Bcin12g02340
858,AT3G22950,Bcin12g02340
859,AT5G42350,Bcin12g02340
860,AT2G47800,Bcin12g02340
861,AT2G36300,Bcin12g02340
862,AT2G36530,Bcin12g02340
863,AT3G24550,Bcin12g02340
864,AT2G36880,Bcin12g02340
865,AT4G26940,Bcin12g02340
866,AT4G26970,Bcin12g02340
867,AT5G22060,Bcin12g02340
868,AT2G37760,Bcin12g02340
869,AT2G37770,Bcin12g02340
870,AT5G22780,Bcin12g02340
871,AT2G38610,Bcin12g02340
872,AT2G39650,Bcin12g02340
873,AT2G39970,Bcin12g02340
874,AT5G24810,Bcin12g02340
875,AT2G40820,Bcin12g02340
876,AT4G29210,Bcin12g02340
877,AT3G05360,Bcin12g02340
878,AT5G27520,Bcin12g02340
879,AT3G60200,Bcin12g02340
880,AT5G27600,Bcin12g02340
881,AT5G28050,Bcin12g02340
882,AT2G42520,Bcin12g02340
883,AT5G29000,Bcin12g02340
884,AT3G48850,Bcin12g02340
885,AT2G43320,Bcin12g02340
886,AT5G35735,Bcin12g02340
887,AT2G44350,Bcin12g02340
888,AT2G44520,Bcin12g02340
889,AT4G34131,Bcin12g02340
890,AT3G49390,Bcin12g02340
891,AT2G45290,Bcin12g02340
892,AT2G45300,Bcin12g02340
893,AT3G08760,Bcin12g02340
894,AT2G45680,Bcin12g02340
895,AT5G41690,Bcin12g02340
896,AT3G51790,Bcin12g02340
897,AT5G41992,Bcin12g02340
898,AT2G47510,Bcin12g02340
899,AT4G03550,Bcin12g02340
900,AT3G10500,Bcin12g02340
901,AT3G01120,Bcin12g02340
902,AT3G01142,Bcin12g02340
903,AT3G54640,Bcin12g02340
904,AT5G57890,Bcin12g02340
905,AT3G02360,Bcin12g02340
906,AT3G02520,Bcin12g02340
907,AT3G02875,Bcin12g02340
908,AT3G02880,Bcin12g02340
909,AT3G04000,Bcin12g02340
910,AT3G57280,Bcin12g02340
911,AT3G04080,Bcin12g02340
912,AT3G04120,Bcin12g02340
913,AT5G51070,Bcin12g02340
914,AT3G58975,Bcin12g02340
915,AT3G05200,Bcin12g02340
916,AT3G59760,Bcin12g02340
917,AT3G14990,Bcin12g02340
918,AT5G52450,Bcin12g02340
919,AT4G29810,Bcin12g02340
920,AT5G53120,Bcin12g02340
921,AT3G05710,Bcin12g02340
922,AT5G54110,Bcin12g02340
923,AT3G06350,Bcin12g02340
924,AT3G63010,Bcin12g02340
925,AT3G06860,Bcin12g02340
926,AT5G54590,Bcin12g02340
927,AT3G07480,Bcin12g02340
928,AT4G00380,Bcin12g02340
929,AT5G54840,Bcin12g02340
930,AT5G04930,Bcin12g02340
931,AT3G08630,Bcin12g02340
932,AT5G05340,Bcin12g02340
933,AT5G67300,Bcin12g02340
934,AT5G55070,Bcin12g02340
935,AT5G07350,Bcin12g02340
936,AT5G55560,Bcin12g02340
937,AT3G09810,Bcin12g02340
938,AT4G03450,Bcin12g02340
939,AT5G42020,Bcin12g02340
940,AT5G10150,Bcin12g02340
941,AT4G04800,Bcin12g02340
942,AT3G10985,Bcin12g02340
943,AT4G08390,Bcin12g02340
944,AT4G25672,Bcin12g02340
945,AT3G11330,Bcin12g02340
946,AT5G58620,Bcin12g02340
947,AT4G11380,Bcin12g02340
948,AT3G12800,Bcin12g02340
949,AT3G13050,Bcin12g02340
950,AT4G12300,Bcin12g02340
951,AT3G29360,Bcin12g02340
952,AT5G61010,Bcin12g02340
953,AT5G61520,Bcin12g02340
954,AT3G13930,Bcin12g02340
955,AT5G61790,Bcin12g02340
956,AT4G15120,Bcin12g02340
957,AT5G51640,Bcin12g02340
958,AT5G01340,Bcin12g02340
959,AT5G52050,Bcin12g02340
960,AT4G16670,Bcin12g02340
961,AT5G63130,Bcin12g02340
962,AT5G63490,Bcin12g02340
963,AT3G46670,Bcin12g02340
964,AT3G17240,Bcin12g02340
965,AT3G17250,Bcin12g02340
966,AT5G64020,Bcin12g02340
967,AT3G18830,Bcin12g02340
968,AT3G18950,Bcin12g02340
969,AT5G64310,Bcin12g02340
970,AT5G66120,Bcin12g02340
971,AT3G20800,Bcin12g02340
972,AT5G66760,Bcin12g02340
973,AT4G34230,Bcin12g02340
974,AT3G21690,Bcin12g02340
975,AT5G67480,Bcin12g02340
976,AT3G22370,Bcin12g02340
977,AT3G22600,Bcin12g02340
978,AT5G18480,Bcin12g02340
979,AT5G08300,Bcin12g02340
980,AT5G55610,Bcin12g02340
981,AT4G35260,Bcin12g02340
982,AT3G23570,Bcin12g02340
983,AT4G25230,Bcin12g02340
984,AT5G45410,Bcin12g02340
985,AT4G25700,Bcin12g02340
986,AT5G47200,Bcin12g02340
987,AT3G55620,Bcin12g02340
988,AT5G21990,Bcin12g02340
989,AT4G11590,Bcin12g02340
990,AT5G22300,Bcin12g02340
991,AT5G49570,Bcin12g02340
992,AT5G03630,Bcin12g02340
993,AT4G28060,Bcin12g02340
994,AT5G24430,Bcin12g02340
995,AT5G50960,Bcin12g02340
996,AT5G26340,Bcin12g02340
997,AT5G38530,Bcin12g02340
998,AT5G17280,Bcin12g02340
999,AT5G51830,Bcin12g02340
1000,AT5G01850,Bcin12g02340
1001,AT5G14040,Bcin12g02340
1002,AT5G14310,Bcin12g02340
1003,AT3G62770,Bcin12g02340
1004,AT3G47520,Bcin12g02340
1005,AT4G03420,Bcin12g02340
1006,AT4G33540,Bcin12g02340
1007,AT3G48990,Bcin12g02340
1008,AT3G66654,Bcin12g02340
1009,AT4G34120,Bcin12g02340
1010,AT4G36220,Bcin12g02340
1011,AT5G11520,Bcin12g02340
1012,AT5G39050,Bcin12g02340
1013,AT5G54870,Bcin12g02340
1014,AT4G20110,Bcin12g02340
1015,AT4G20830,Bcin12g02340
1016,AT4G21445,Bcin12g02340
1017,AT5G07730,Bcin12g02340
1018,AT5G59820,Bcin12g02340
1019,AT5G08160,Bcin12g02340
1020,AT3G58510,Bcin12g02340
1021,AT3G58750,Bcin12g02340
1022,AT3G53580,Bcin12g02340
1023,AT5G51570,Bcin12g02340
1024,AT5G54830,Bcin12g02340
1025,AT5G20020,Bcin12g02340
1026,AT5G57910,Bcin12g02340
1027,AT4G11370,Bcin12g02340
1028,AT4G37310,Bcin12g02340
1029,AT5G48180,Bcin12g02340
1030,AT3G57090,Bcin12g02340
1031,AT5G03290,Bcin12g02340
1032,AT5G15490,Bcin12g02340
1033,AT3G63310,Bcin12g02340
1034,AT3G63460,Bcin12g02340
1035,AT5G50850,Bcin12g02340
1036,AT5G04590,Bcin12g02340
1037,AT4G05020,Bcin12g02340
1038,AT5G20000,Bcin12g02340
1039,AT5G44720,Bcin12g02340
1040,AT4G19006,Bcin12g02340
1041,AT5G17770,Bcin12g02340
1042,AT5G17860,Bcin12g02340
1043,AT4G16760,Bcin12g02340
1044,AT5G18070,Bcin12g02340
1045,AT5G67500,Bcin12g02340
1046,AT4G31860,Bcin12g02340
1047,AT4G17650,Bcin12g02340
1048,AT5G35700,Bcin12g02340
1049,AT5G57015,Bcin12g02340
1050,AT5G54500,Bcin12g02340
1051,AT5G36220,Bcin12g02340
1052,AT5G66320,Bcin12g02340
1053,AT5G23540,Bcin12g02340
1054,AT4G38630,Bcin12g02340
1055,AT5G47730,Bcin12g02340
1056,AT5G54100,Bcin12g02340
1057,AT5G58290,Bcin12g02340
1058,AT5G04170,Bcin12g02340
1059,AT5G03780,Bcin12g02340
1060,AT5G63790,Bcin12g02340
1061,AT5G63980,Bcin12g02340
1062,AT5G03160,Bcin12g02340
1063,AT5G33290,Bcin12g02340
1064,AT4G39780,Bcin12g02340
1065,AT5G28540,Bcin12g02340
1066,AT1G01910,Bcin13g02930
1067,AT1G03220,Bcin13g02930
1068,AT1G03230,Bcin13g02930
1069,AT1G03370,Bcin13g02930
1070,AT1G04780,Bcin13g02930
1071,AT1G10140,Bcin13g02930
1072,AT1G10990,Bcin13g02930
1073,AT1G14170,Bcin13g02930
1074,AT1G14330,Bcin13g02930
1075,AT1G17090,Bcin13g02930
1076,AT1G19270,Bcin13g02930
1077,AT1G20970,Bcin13g02930
1078,AT1G23090,Bcin13g02930
1079,AT1G27500,Bcin13g02930
1080,AT1G33030,Bcin13g02930
1081,AT1G50360,Bcin13g02930
1082,AT1G54960,Bcin13g02930
1083,AT1G62200,Bcin13g02930
1084,AT1G63010,Bcin13g02930
1085,AT1G64385,Bcin13g02930
1086,AT1G64610,Bcin13g02930
1087,AT1G66690,Bcin13g02930
1088,AT1G68370,Bcin13g02930
1089,AT1G71140,Bcin13g02930
1090,AT1G71820,Bcin13g02930
1091,AT1G72540,Bcin13g02930
1092,AT1G74020,Bcin13g02930
1093,AT1G74640,Bcin13g02930
1094,AT1G77770,Bcin13g02930
1095,AT2G01850,Bcin13g02930
1096,AT2G02040,Bcin13g02930
1097,AT2G02180,Bcin13g02930
1098,AT2G16500,Bcin13g02930
1099,AT2G16920,Bcin13g02930
1100,AT2G18680,Bcin13g02930
1101,AT2G19880,Bcin13g02930
1102,AT2G20900,Bcin13g02930
1103,AT2G21120,Bcin13g02930
1104,AT2G24180,Bcin13g02930
1105,AT2G27200,Bcin13g02930
1106,AT2G31260,Bcin13g02930
1107,AT2G32250,Bcin13g02930
1108,AT2G32960,Bcin13g02930
1109,AT2G34080,Bcin13g02930
1110,AT2G34360,Bcin13g02930
1111,AT2G34630,Bcin13g02930
1112,AT2G35390,Bcin13g02930
1113,AT2G36380,Bcin13g02930
1114,AT2G36770,Bcin13g02930
1115,AT2G37470,Bcin13g02930
1116,AT2G37980,Bcin13g02930
1117,AT2G39480,Bcin13g02930
1118,AT2G43150,Bcin13g02930
1119,AT2G43490,Bcin13g02930
1120,AT2G46080,Bcin13g02930
1121,AT2G46320,Bcin13g02930
1122,AT3G01040,Bcin13g02930
1123,AT3G01720,Bcin13g02930
1124,AT3G01980,Bcin13g02930
1125,AT3G04640,Bcin13g02930
1126,AT3G05090,Bcin13g02930
1127,AT3G13380,Bcin13g02930
1128,AT3G19260,Bcin13g02930
1129,AT3G20490,Bcin13g02930
1130,AT3G21140,Bcin13g02930
1131,AT3G26670,Bcin13g02930
1132,AT3G26780,Bcin13g02930
1133,AT3G43240,Bcin13g02930
1134,AT3G47700,Bcin13g02930
1135,AT3G51090,Bcin13g02930
1136,AT3G54620,Bcin13g02930
1137,AT3G55890,Bcin13g02930
1138,AT3G60680,Bcin13g02930
1139,AT3G63380,Bcin13g02930
1140,AT4G03320,Bcin13g02930
1141,AT4G08180,Bcin13g02930
1142,AT4G12070,Bcin13g02930
1143,AT4G12120,Bcin13g02930
1144,AT4G12770,Bcin13g02930
1145,AT4G12780,Bcin13g02930
1146,AT4G14230,Bcin13g02930
1147,AT4G14410,Bcin13g02930
1148,AT4G18050,Bcin13g02930
1149,AT4G18990,Bcin13g02930
1150,AT4G19440,Bcin13g02930
1151,AT4G25070,Bcin13g02930
1152,AT4G25390,Bcin13g02930
1153,AT4G26270,Bcin13g02930
1154,AT4G28550,Bcin13g02930
1155,AT4G32070,Bcin13g02930
1156,AT4G33520,Bcin13g02930
1157,AT4G35620,Bcin13g02930
1158,AT4G35830,Bcin13g02930
1159,AT4G37030,Bcin13g02930
1160,AT4G37390,Bcin13g02930
1161,AT4G37530,Bcin13g02930
1162,AT5G01500,Bcin13g02930
1163,AT5G03490,Bcin13g02930
1164,AT5G04540,Bcin13g02930
1165,AT5G05580,Bcin13g02930
1166,AT5G05780,Bcin13g02930
1167,AT5G13860,Bcin13g02930
1168,AT5G15470,Bcin13g02930
1169,AT5G18490,Bcin13g02930
1170,AT5G22850,Bcin13g02930
1171,AT5G25930,Bcin13g02930
1172,AT5G27380,Bcin13g02930
1173,AT5G38710,Bcin13g02930
1174,AT5G42870,Bcin13g02930
1175,AT5G45900,Bcin13g02930
1176,AT5G49665,Bcin13g02930
1177,AT5G49700,Bcin13g02930
1178,AT5G51770,Bcin13g02930
1179,AT5G54510,Bcin13g02930
1180,AT5G54810,Bcin13g02930
1181,AT5G56870,Bcin13g02930
1182,AT5G57700,Bcin13g02930
1183,AT5G58730,Bcin13g02930
1184,AT5G59430,Bcin13g02930
1185,AT5G59700,Bcin13g02930
1186,AT5G63970,Bcin13g02930
1187,AT5G64230,Bcin13g02930
1188,AT5G67340,Bcin13g02930
1189,AT1G76705,Bcin16g00010
1190,AT5G40720,Bcin16g00010
1191,AT1G02145,Bcin16g01950
1192,AT1G03550,Bcin16g01950
1193,AT1G04350,Bcin16g01950
1194,AT1G04950,Bcin16g01950
1195,AT1G06040,Bcin16g01950
1196,AT1G06960,Bcin16g01950
1197,AT1G07320,Bcin16g01950
1198,AT1G08465,Bcin16g01950
1199,AT1G10210,Bcin16g01950
1200,AT1G10660,Bcin16g01950
1201,AT1G12090,Bcin16g01950
1202,AT1G12350,Bcin16g01950
1203,AT1G12900,Bcin16g01950
1204,AT1G13770,Bcin16g01950
1205,AT1G17200,Bcin16g01950
1206,AT1G18670,Bcin16g01950
1207,AT1G19330,Bcin16g01950
1208,AT1G19600,Bcin16g01950
1209,AT1G19700,Bcin16g01950
1210,AT1G21350,Bcin16g01950
1211,AT1G24793,Bcin16g01950
1212,AT1G24822,Bcin16g01950
1213,AT1G24996,Bcin16g01950
1214,AT1G25054,Bcin16g01950
1215,AT1G25210,Bcin16g01950
1216,AT1G26150,Bcin16g01950
1217,AT1G26670,Bcin16g01950
1218,AT1G27030,Bcin16g01950
1219,AT1G27920,Bcin16g01950
1220,AT1G28960,Bcin16g01950
1221,AT1G29070,Bcin16g01950
1222,AT1G30590,Bcin16g01950
1223,AT1G30910,Bcin16g01950
1224,AT1G32050,Bcin16g01950
1225,AT1G33990,Bcin16g01950
1226,AT1G34640,Bcin16g01950
1227,AT1G35516,Bcin16g01950
1228,AT1G44920,Bcin16g01950
1229,AT1G48620,Bcin16g01950
1230,AT1G49580,Bcin16g01950
1231,AT1G51200,Bcin16g01950
1232,AT1G52220,Bcin16g01950
1233,AT1G52870,Bcin16g01950
1234,AT1G53190,Bcin16g01950
1235,AT1G55670,Bcin16g01950
1236,AT1G60989,Bcin16g01950
1237,AT1G62970,Bcin16g01950
1238,AT1G63240,Bcin16g01950
1239,AT1G64230,Bcin16g01950
1240,AT1G64355,Bcin16g01950
1241,AT1G64370,Bcin16g01950
1242,AT1G64430,Bcin16g01950
1243,AT1G64500,Bcin16g01950
1244,AT1G64970,Bcin16g01950
1245,AT1G65260,Bcin16g01950
1246,AT1G68010,Bcin16g01950
1247,AT1G68945,Bcin16g01950
1248,AT1G69252,Bcin16g01950
1249,AT1G69420,Bcin16g01950
1250,AT1G70310,Bcin16g01950
1251,AT1G70660,Bcin16g01950
1252,AT1G71340,Bcin16g01950
1253,AT1G71480,Bcin16g01950
1254,AT1G71695,Bcin16g01950
1255,AT1G74470,Bcin16g01950
1256,AT1G74970,Bcin16g01950
1257,AT1G75540,Bcin16g01950
1258,AT1G75630,Bcin16g01950
1259,AT1G75690,Bcin16g01950
1260,AT5G06290,Bcin16g01950
1261,AT1G78150,Bcin16g01950
1262,AT2G02060,Bcin16g01950
1263,AT2G02570,Bcin16g01950
1264,AT2G05620,Bcin16g01950
1265,AT2G14890,Bcin16g01950
1266,AT2G14910,Bcin16g01950
1267,AT2G18440,Bcin16g01950
1268,AT2G18710,Bcin16g01950
1269,AT2G20340,Bcin16g01950
1270,AT2G21320,Bcin16g01950
1271,AT2G21330,Bcin16g01950
1272,AT2G21960,Bcin16g01950
1273,AT2G22190,Bcin16g01950
1274,AT2G24280,Bcin16g01950
1275,AT2G25080,Bcin16g01950
1276,AT2G26500,Bcin16g01950
1277,AT2G27402,Bcin16g01950
1278,AT2G29650,Bcin16g01950
1279,AT2G30570,Bcin16g01950
1280,AT2G31380,Bcin16g01950
1281,AT2G31440,Bcin16g01950
1282,AT2G32080,Bcin16g01950
1283,AT2G33530,Bcin16g01950
1284,AT2G33810,Bcin16g01950
1285,AT2G33815,Bcin16g01950
1286,AT2G34410,Bcin16g01950
1287,AT2G34460,Bcin16g01950
1288,AT2G34720,Bcin16g01950
1289,AT2G34860,Bcin16g01950
1290,AT2G35370,Bcin16g01950
1291,AT2G37410,Bcin16g01950
1292,AT2G38140,Bcin16g01950
1293,AT2G39570,Bcin16g01950
1294,AT2G39730,Bcin16g01950
1295,AT2G39850,Bcin16g01950
1296,AT2G41760,Bcin16g01950
1297,AT2G43750,Bcin16g01950
1298,AT2G43910,Bcin16g01950
1299,AT2G44850,Bcin16g01950
1300,AT2G46820,Bcin16g01950
1301,AT2G46830,Bcin16g01950
1302,AT2G47070,Bcin16g01950
1303,AT3G01060,Bcin16g01950
1304,AT3G02300,Bcin16g01950
1305,AT3G02730,Bcin16g01950
1306,AT3G02830,Bcin16g01950
1307,AT3G04730,Bcin16g01950
1308,AT3G06125,Bcin16g01950
1309,AT3G07880,Bcin16g01950
1310,AT3G09600,Bcin16g01950
1311,AT3G10230,Bcin16g01950
1312,AT3G11730,Bcin16g01950
1313,AT3G12320,Bcin16g01950
1314,AT3G15354,Bcin16g01950
1315,AT3G16940,Bcin16g01950
1316,AT3G22425,Bcin16g01950
1317,AT3G26650,Bcin16g01950
1318,AT3G27350,Bcin16g01950
1319,AT3G45600,Bcin16g01950
1320,AT3G45900,Bcin16g01950
1321,AT3G47470,Bcin16g01950
1322,AT3G48750,Bcin16g01950
1323,AT3G50845,Bcin16g01950
1324,AT3G51950,Bcin16g01950
1325,AT3G53980,Bcin16g01950
1326,AT3G54500,Bcin16g01950
1327,AT3G54910,Bcin16g01950
1328,AT3G55080,Bcin16g01950
1329,AT3G57810,Bcin16g01950
1330,AT3G58010,Bcin16g01950
1331,AT3G62190,Bcin16g01950
1332,AT3G62290,Bcin16g01950
1333,AT3G62560,Bcin16g01950
1334,AT3G62650,Bcin16g01950
1335,AT4G00050,Bcin16g01950
1336,AT4G01150,Bcin16g01950
1337,AT4G02005,Bcin16g01950
1338,AT4G02485,Bcin16g01950
1339,AT4G02640,Bcin16g01950
1340,AT4G02725,Bcin16g01950
1341,AT4G03280,Bcin16g01950
1342,AT4G03560,Bcin16g01950
1343,AT4G09560,Bcin16g01950
1344,AT4G09670,Bcin16g01950
1345,AT4G10180,Bcin16g01950
1346,AT4G12800,Bcin16g01950
1347,AT4G17050,Bcin16g01950
1348,AT4G17730,Bcin16g01950
1349,AT4G19985,Bcin16g01950
1350,AT4G21860,Bcin16g01950
1351,AT4G21960,Bcin16g01950
1352,AT4G24450,Bcin16g01950
1353,AT4G25100,Bcin16g01950
1354,AT4G26850,Bcin16g01950
1355,AT4G28240,Bcin16g01950
1356,AT4G28640,Bcin16g01950
1357,AT4G29890,Bcin16g01950
1358,AT4G31150,Bcin16g01950
1359,AT4G32260,Bcin16g01950
1360,AT4G33110,Bcin16g01950
1361,AT4G34620,Bcin16g01950
1362,AT4G35090,Bcin16g01950
1363,AT4G35100,Bcin16g01950
1364,AT4G35250,Bcin16g01950
1365,AT4G35470,Bcin16g01950
1366,AT4G35530,Bcin16g01950
1367,AT4G37760,Bcin16g01950
1368,AT4G38490,Bcin16g01950
1369,AT5G01090,Bcin16g01950
1370,AT5G02120,Bcin16g01950
1371,AT5G02180,Bcin16g01950
1372,AT5G02840,Bcin16g01950
1373,AT5G03180,Bcin16g01950
1374,AT5G03200,Bcin16g01950
1375,AT5G03760,Bcin16g01950
1376,AT5G04090,Bcin16g01950
1377,AT5G04440,Bcin16g01950
1378,AT5G04710,Bcin16g01950
1379,AT5G05980,Bcin16g01950
1380,AT5G06060,Bcin16g01950
1381,AT5G58930,Bcin16g01950
1382,AT5G07842,Bcin16g01950
1383,AT5G08540,Bcin16g01950
1384,AT5G09660,Bcin16g01950
1385,AT5G09770,Bcin16g01950
1386,AT5G10745,Bcin16g01950
1387,AT5G14210,Bcin16g01950
1388,AT5G15170,Bcin16g01950
1389,AT5G17230,Bcin16g01950
1390,AT5G17870,Bcin16g01950
1391,AT5G19150,Bcin16g01950
1392,AT5G19220,Bcin16g01950
1393,AT5G19430,Bcin16g01950
1394,AT5G19500,Bcin16g01950
1395,AT5G20580,Bcin16g01950
1396,AT5G22210,Bcin16g01950
1397,AT5G22620,Bcin16g01950
1398,AT5G23440,Bcin16g01950
1399,AT5G24670,Bcin16g01950
1400,AT5G26850,Bcin16g01950
1401,AT5G27410,Bcin16g01950
1402,AT5G28900,Bcin16g01950
1403,AT5G30510,Bcin16g01950
1404,AT5G37790,Bcin16g01950
1405,AT5G39340,Bcin16g01950
1406,AT5G57815,Bcin16g01950
1407,AT5G41340,Bcin16g01950
1408,AT5G42210,Bcin16g01950
1409,AT5G42765,Bcin16g01950
1410,AT5G44510,Bcin16g01950
1411,AT5G46110,Bcin16g01950
1412,AT5G47110,Bcin16g01950
1413,AT5G48412,Bcin16g01950
1414,AT5G49100,Bcin16g01950
1415,AT5G50000,Bcin16g01950
1416,AT5G55160,Bcin16g01950
1417,AT5G55640,Bcin16g01950
1418,AT5G56380,Bcin16g01950
1419,AT5G67030,Bcin16g01950
1420,AT5G58140,Bcin16g01950
1421,AT5G63280,Bcin16g01950
1422,AT5G62430,Bcin16g01950
1423,AT5G62790,Bcin16g01950
1424,AT5G62890,Bcin16g01950
1425,AT5G65685,Bcin16g01950
1426,AT5G64040,Bcin16g01950
1427,AT5G64170,Bcin16g01950
1428,AT5G65220,Bcin16g01950
1429,AT5G66570,Bcin16g01950
1430,AT5G66610,Bcin16g01950
1431,AT1G32330,Bcin02g02480
1432,AT2G22480,Bcin02g02480
1433,AT2G41700,Bcin02g02480
1434,AT3G60190,Bcin02g02480
1435,AT5G04720,Bcin02g02480
1436,AT5G63990,Bcin02g02480
1437,AT5G26710,Bcin03g05020
1438,AT1G67680,Bcin03g05020
1439,AT3G25770,Bcin03g05020
1440,AT1G08130,Bcin03g05020
1441,AT5G08139,Bcin03g05020
1442,AT1G58602,Bcin03g05020
1443,AT2G43420,Bcin03g05020
1444,AT3G59970,Bcin03g05020
1445,AT3G05350,Bcin03g05020
1446,AT3G06530,Bcin03g05020
1447,AT1G19300,Bcin03g05020
1448,AT1G70770,Bcin03g05020
1449,AT5G60410,Bcin03g05020
1450,AT3G11710,Bcin03g05020
1451,AT1G24360,Bcin03g05020
1452,AT1G02230,Bcin03g00960
1453,AT1G04940,Bcin03g00960
1454,AT1G05070,Bcin03g00960
1455,AT1G07615,Bcin03g00960
1456,AT5G51020,Bcin03g00960
1457,AT1G08550,Bcin03g00960
1458,AT1G13380,Bcin03g00960
1459,AT5G53220,Bcin03g00960
1460,AT1G19715,Bcin03g00960
1461,AT1G19720,Bcin03g00960
1462,AT1G20810,Bcin03g00960
1463,AT5G57270,Bcin03g00960
1464,AT1G28330,Bcin03g00960
1465,AT1G29410,Bcin03g00960
1466,AT1G32990,Bcin03g00960
1467,AT1G35420,Bcin03g00960
1468,AT1G42430,Bcin03g00960
1469,AT1G42550,Bcin03g00960
1470,AT1G43580,Bcin03g00960
1471,AT1G51440,Bcin03g00960
1472,AT1G52570,Bcin03g00960
1473,AT3G19180,Bcin03g00960
1474,AT1G60860,Bcin03g00960
1475,AT1G64680,Bcin03g00960
1476,AT1G64690,Bcin03g00960
1477,AT1G66840,Bcin03g00960
1478,AT3G27220,Bcin03g00960
1479,AT3G47070,Bcin03g00960
1480,AT1G72530,Bcin03g00960
1481,AT1G75310,Bcin03g00960
1482,AT1G78880,Bcin03g00960
1483,AT2G02790,Bcin03g00960
1484,AT2G03390,Bcin03g00960
1485,AT2G19810,Bcin03g00960
1486,AT2G22770,Bcin03g00960
1487,AT2G32500,Bcin03g00960
1488,AT2G33860,Bcin03g00960
1489,AT2G34640,Bcin03g00960
1490,AT2G35760,Bcin03g00960
1491,AT2G36490,Bcin03g00960
1492,AT2G39140,Bcin03g00960
1493,AT2G40970,Bcin03g00960
1494,AT2G41560,Bcin03g00960
1495,AT2G42290,Bcin03g00960
1496,AT4G10550,Bcin03g00960
1497,AT2G46110,Bcin03g00960
1498,AT2G46250,Bcin03g00960
1499,AT2G48120,Bcin03g00960
1500,AT3G03710,Bcin03g00960
1501,AT3G05180,Bcin03g00960
1502,AT4G19070,Bcin03g00960
1503,AT4G21550,Bcin03g00960
1504,AT3G06660,Bcin03g00960
1505,AT3G09860,Bcin03g00960
1506,AT3G10060,Bcin03g00960
1507,AT4G28080,Bcin03g00960
1508,AT3G14980,Bcin03g00960
1509,AT3G15095,Bcin03g00960
1510,AT3G16010,Bcin03g00960
1511,AT3G16570,Bcin03g00960
1512,AT3G17590,Bcin03g00960
1513,AT4G38160,Bcin03g00960
1514,AT3G22190,Bcin03g00960
1515,AT5G02150,Bcin03g00960
1516,AT3G26310,Bcin03g00960
1517,AT3G26720,Bcin03g00960
1518,AT5G11720,Bcin03g00960
1519,AT5G13730,Bcin03g00960
1520,AT3G47860,Bcin03g00960
1521,AT3G49670,Bcin03g00960
1522,AT3G50040,Bcin03g00960
1523,AT3G53700,Bcin03g00960
1524,AT3G53920,Bcin03g00960
1525,AT3G56010,Bcin03g00960
1526,AT3G56080,Bcin03g00960
1527,AT3G57080,Bcin03g00960
1528,AT5G25475,Bcin03g00960
1529,AT3G62000,Bcin03g00960
1530,AT3G63210,Bcin03g00960
1531,AT3G63540,Bcin03g00960
1532,AT4G00370,Bcin03g00960
1533,AT4G00850,Bcin03g00960
1534,AT4G02790,Bcin03g00960
1535,AT4G09640,Bcin03g00960
1536,AT5G47900,Bcin03g00960
1537,AT4G10890,Bcin03g00960
1538,AT4G13640,Bcin03g00960
1539,AT4G14540,Bcin03g00960
1540,AT4G14622,Bcin03g00960
1541,AT4G14890,Bcin03g00960
1542,AT5G55840,Bcin03g00960
1543,AT5G57110,Bcin03g00960
1544,AT4G23300,Bcin03g00960
1545,AT4G25910,Bcin03g00960
1546,AT4G26590,Bcin03g00960
1547,AT5G60940,Bcin03g00960
1548,AT4G28760,Bcin03g00960
1549,AT4G31270,Bcin03g00960
1550,AT4G35920,Bcin03g00960
1551,AT4G37553,Bcin03g00960
1552,AT4G37820,Bcin03g00960
1553,AT5G23570,Bcin03g00960
1554,AT5G01880,Bcin03g00960
1555,AT5G55580,Bcin03g00960
1556,AT5G04060,Bcin03g00960
1557,AT5G27400,Bcin03g00960
1558,AT5G27730,Bcin03g00960
1559,AT5G38860,Bcin03g00960
1560,AT5G13980,Bcin03g00960
1561,AT5G14620,Bcin03g00960
1562,AT5G16040,Bcin03g00960
1563,AT5G17170,Bcin03g00960
1564,AT5G21222,Bcin03g00960
1565,AT5G23430,Bcin03g00960
1566,AT5G52280,Bcin03g00960
1567,AT5G24490,Bcin03g00960
1568,AT5G58575,Bcin03g00960
1569,AT5G42200,Bcin03g00960
1570,AT5G43810,Bcin03g00960
1571,AT5G44785,Bcin03g00960
1572,AT5G61130,Bcin03g00960
1573,AT5G51545,Bcin03g00960
1574,AT1G01080,Bcin04g04700
1575,AT1G01160,Bcin04g04700
1576,AT1G01170,Bcin04g04700
1577,AT1G01430,Bcin04g04700
1578,AT1G01860,Bcin04g04700
1579,AT1G02150,Bcin04g04700
1580,AT1G02280,Bcin04g04700
1581,AT1G02290,Bcin04g04700
1582,AT1G02300,Bcin04g04700
1583,AT1G02340,Bcin04g04700
1584,AT1G03000,Bcin04g04700
1585,AT1G03130,Bcin04g04700
1586,AT5G18760,Bcin04g04700
1587,AT5G18850,Bcin04g04700
1588,AT1G03630,Bcin04g04700
1589,AT2G47160,Bcin04g04700
1590,AT1G04240,Bcin04g04700
1591,AT1G04430,Bcin04g04700
1592,AT1G04550,Bcin04g04700
1593,AT1G04590,Bcin04g04700
1594,AT3G01810,Bcin04g04700
1595,AT1G05190,Bcin04g04700
1596,AT1G05600,Bcin04g04700
1597,AT1G05870,Bcin04g04700
1598,AT3G04160,Bcin04g04700
1599,AT3G04450,Bcin04g04700
1600,AT1G06910,Bcin04g04700
1601,AT3G04760,Bcin04g04700
1602,AT3G04890,Bcin04g04700
1603,AT1G08380,Bcin04g04700
1604,AT1G08910,Bcin04g04700
1605,AT1G56050,Bcin04g04700
1606,AT1G08980,Bcin04g04700
1607,AT1G56720,Bcin04g04700
1608,AT1G10200,Bcin04g04700
1609,AT1G10510,Bcin04g04700
1610,AT1G10610,Bcin04g04700
1611,AT5G27270,Bcin04g04700
1612,AT1G10910,Bcin04g04700
1613,AT1G11430,Bcin04g04700
1614,AT1G11530,Bcin04g04700
1615,AT1G11760,Bcin04g04700
1616,AT3G08740,Bcin04g04700
1617,AT1G12250,Bcin04g04700
1618,AT1G12730,Bcin04g04700
1619,AT1G12930,Bcin04g04700
1620,AT1G13860,Bcin04g04700
1621,AT1G14270,Bcin04g04700
1622,AT1G14280,Bcin04g04700
1623,AT1G14345,Bcin04g04700
1624,AT1G62830,Bcin04g04700
1625,AT3G12345,Bcin04g04700
1626,AT1G14840,Bcin04g04700
1627,AT1G15260,Bcin04g04700
1628,AT5G38565,Bcin04g04700
1629,AT1G15730,Bcin04g04700
1630,AT1G16080,Bcin04g04700
1631,AT1G16680,Bcin04g04700
1632,AT3G13360,Bcin04g04700
1633,AT1G17350,Bcin04g04700
1634,AT1G17460,Bcin04g04700
1635,AT1G17510,Bcin04g04700
1636,AT1G17850,Bcin04g04700
1637,AT1G17970,Bcin04g04700
1638,AT1G18170,Bcin04g04700
1639,AT1G18660,Bcin04g04700
1640,AT5G41760,Bcin04g04700
1641,AT1G18730,Bcin04g04700
1642,AT3G16000,Bcin04g04700
1643,AT5G42240,Bcin04g04700
1644,AT1G19710,Bcin04g04700
1645,AT1G19835,Bcin04g04700
1646,AT1G20010,Bcin04g04700
1647,AT1G20020,Bcin04g04700
1648,AT1G20650,Bcin04g04700
1649,AT1G20830,Bcin04g04700
1650,AT1G20890,Bcin04g04700
1651,AT1G21600,Bcin04g04700
1652,AT1G22630,Bcin04g04700
1653,AT1G22740,Bcin04g04700
1654,AT3G19800,Bcin04g04700
1655,AT3G19810,Bcin04g04700
1656,AT3G19850,Bcin04g04700
1657,AT1G24148,Bcin04g04700
1658,AT1G24160,Bcin04g04700
1659,AT3G20440,Bcin04g04700
1660,AT5G45680,Bcin04g04700
1661,AT3G20550,Bcin04g04700
1662,AT1G25375,Bcin04g04700
1663,AT1G25440,Bcin04g04700
1664,AT3G21100,Bcin04g04700
1665,AT1G26100,Bcin04g04700
1666,AT1G26260,Bcin04g04700
1667,AT3G22104,Bcin04g04700
1668,AT3G22150,Bcin04g04700
1669,AT1G27190,Bcin04g04700
1670,AT1G27520,Bcin04g04700
1671,AT2G34300,Bcin04g04700
1672,AT3G23640,Bcin04g04700
1673,AT1G29530,Bcin04g04700
1674,AT1G29560,Bcin04g04700
1675,AT3G25530,Bcin04g04700
1676,AT3G25717,Bcin04g04700
1677,AT1G30610,Bcin04g04700
1678,AT3G25920,Bcin04g04700
1679,AT1G31410,Bcin04g04700
1680,AT1G31420,Bcin04g04700
1681,AT1G31650,Bcin04g04700
1682,AT1G31920,Bcin04g04700
1683,AT1G32200,Bcin04g04700
1684,AT1G32520,Bcin04g04700
1685,AT1G32583,Bcin04g04700
1686,AT1G33240,Bcin04g04700
1687,AT1G33810,Bcin04g04700
1688,AT3G28040,Bcin04g04700
1689,AT3G28130,Bcin04g04700
1690,AT1G35460,Bcin04g04700
1691,AT5G53860,Bcin04g04700
1692,AT5G53900,Bcin04g04700
1693,AT5G54090,Bcin04g04700
1694,AT3G29185,Bcin04g04700
1695,AT1G44000,Bcin04g04700
1696,AT1G44446,Bcin04g04700
1697,AT1G45230,Bcin04g04700
1698,AT3G43790,Bcin04g04700
1699,AT1G48300,Bcin04g04700
1700,AT1G48520,Bcin04g04700
1701,AT1G48950,Bcin04g04700
1702,AT1G49010,Bcin04g04700
1703,AT3G45850,Bcin04g04700
1704,AT1G49480,Bcin04g04700
1705,AT1G49630,Bcin04g04700
1706,AT1G49975,Bcin04g04700
1707,AT1G50290,Bcin04g04700
1708,AT3G48670,Bcin04g04700
1709,AT3G48710,Bcin04g04700
1710,AT1G50900,Bcin04g04700
1711,AT1G51630,Bcin04g04700
1712,AT1G52150,Bcin04g04700
1713,AT1G52230,Bcin04g04700
1714,AT3G50430,Bcin04g04700
1715,AT1G52590,Bcin04g04700
1716,AT1G53000,Bcin04g04700
1717,AT3G50820,Bcin04g04700
1718,AT3G51075,Bcin04g04700
1719,AT1G54440,Bcin04g04700
1720,AT1G54730,Bcin04g04700
1721,AT1G54790,Bcin04g04700
1722,AT1G55160,Bcin04g04700
1723,AT1G55260,Bcin04g04700
1724,AT1G55370,Bcin04g04700
1725,AT1G55480,Bcin04g04700
1726,AT2G17695,Bcin04g04700
1727,AT1G56150,Bcin04g04700
1728,AT2G18290,Bcin04g04700
1729,AT3G53850,Bcin04g04700
1730,AT1G57790,Bcin04g04700
1731,AT5G65687,Bcin04g04700
1732,AT1G59750,Bcin04g04700
1733,AT1G59840,Bcin04g04700
1734,AT5G66180,Bcin04g04700
1735,AT1G60010,Bcin04g04700
1736,AT1G60260,Bcin04g04700
1737,AT3G56650,Bcin04g04700
1738,AT1G60600,Bcin04g04700
1739,AT1G60950,Bcin04g04700
1740,AT1G60990,Bcin04g04700
1741,AT1G61240,Bcin04g04700
1742,AT3G57930,Bcin04g04700
1743,AT3G58200,Bcin04g04700
1744,AT1G62630,Bcin04g04700
1745,AT2G23840,Bcin04g04700
1746,AT1G63670,Bcin04g04700
1747,AT1G63980,Bcin04g04700
1748,AT3G59320,Bcin04g04700
1749,AT1G64860,Bcin04g04700
1750,AT1G65010,Bcin04g04700
1751,AT1G65032,Bcin04g04700
1752,AT1G65070,Bcin04g04700
1753,AT1G65080,Bcin04g04700
1754,AT1G65420,Bcin04g04700
1755,AT1G65920,Bcin04g04700
1756,AT4G33500,Bcin04g04700
1757,AT1G66130,Bcin04g04700
1758,AT1G66980,Bcin04g04700
1759,AT1G67080,Bcin04g04700
1760,AT1G67265,Bcin04g04700
1761,AT1G67490,Bcin04g04700
1762,AT1G67700,Bcin04g04700
1763,AT1G68190,Bcin04g04700
1764,AT4G35760,Bcin04g04700
1765,AT4G01330,Bcin04g04700
1766,AT1G68585,Bcin04g04700
1767,AT1G68590,Bcin04g04700
1768,AT1G68830,Bcin04g04700
1769,AT1G69200,Bcin04g04700
1770,AT1G69700,Bcin04g04700
1771,AT1G69935,Bcin04g04700
1772,AT1G70100,Bcin04g04700
1773,AT1G70200,Bcin04g04700
1774,AT1G70650,Bcin04g04700
1775,AT4G04040,Bcin04g04700
1776,AT1G71260,Bcin04g04700
1777,AT1G71710,Bcin04g04700
1778,AT1G71720,Bcin04g04700
1779,AT1G71970,Bcin04g04700
1780,AT1G72160,Bcin04g04700
1781,AT1G72410,Bcin04g04700
1782,AT4G09620,Bcin04g04700
1783,AT1G72480,Bcin04g04700
1784,AT1G72500,Bcin04g04700
1785,AT1G72630,Bcin04g04700
1786,AT1G72640,Bcin04g04700
1787,AT1G72645,Bcin04g04700
1788,AT1G72650,Bcin04g04700
1789,AT1G73210,Bcin04g04700
1790,AT1G73655,Bcin04g04700
1791,AT4G11410,Bcin04g04700
1792,AT3G23070,Bcin04g04700
1793,AT1G73870,Bcin04g04700
1794,AT4G11970,Bcin04g04700
1795,AT4G12560,Bcin04g04700
1796,AT2G36230,Bcin04g04700
1797,AT1G74520,Bcin04g04700
1798,AT4G13100,Bcin04g04700
1799,AT4G13220,Bcin04g04700
1800,AT1G75100,Bcin04g04700
1801,AT4G13670,Bcin04g04700
1802,AT4G13810,Bcin04g04700
1803,AT1G75420,Bcin04g04700
1804,AT1G75460,Bcin04g04700
1805,AT5G11480,Bcin04g04700
1806,AT4G14510,Bcin04g04700
1807,AT1G76100,Bcin04g04700
1808,AT1G76110,Bcin04g04700
1809,AT4G14740,Bcin04g04700
1810,AT1G76720,Bcin04g04700
1811,AT4G14870,Bcin04g04700
1812,AT1G77090,Bcin04g04700
1813,AT4G15510,Bcin04g04700
1814,AT1G77480,Bcin04g04700
1815,AT4G15540,Bcin04g04700
1816,AT1G77990,Bcin04g04700
1817,AT1G78010,Bcin04g04700
1818,AT1G78510,Bcin04g04700
1819,AT4G15820,Bcin04g04700
1820,AT1G79880,Bcin04g04700
1821,AT1G80570,Bcin04g04700
1822,AT1G80630,Bcin04g04700
1823,AT2G44920,Bcin04g04700
1824,AT2G01760,Bcin04g04700
1825,AT2G02770,Bcin04g04700
1826,AT2G03310,Bcin04g04700
1827,AT5G18460,Bcin04g04700
1828,AT4G18030,Bcin04g04700
1829,AT2G03550,Bcin04g04700
1830,AT2G03590,Bcin04g04700
1831,AT2G03780,Bcin04g04700
1832,AT5G19940,Bcin04g04700
1833,AT4G19170,Bcin04g04700
1834,AT2G04270,Bcin04g04700
1835,AT4G20030,Bcin04g04700
1836,AT2G04690,Bcin04g04700
1837,AT2G04842,Bcin04g04700
1838,AT2G05210,Bcin04g04700
1839,AT2G05310,Bcin04g04700
1840,AT2G06010,Bcin04g04700
1841,AT4G22200,Bcin04g04700
1842,AT2G14090,Bcin04g04700
1843,AT4G23400,Bcin04g04700
1844,AT2G14880,Bcin04g04700
1845,AT2G15960,Bcin04g04700
1846,AT3G04940,Bcin04g04700
1847,AT3G05100,Bcin04g04700
1848,AT2G18050,Bcin04g04700
1849,AT3G05160,Bcin04g04700
1850,AT2G18850,Bcin04g04700
1851,AT2G19280,Bcin04g04700
1852,AT2G19650,Bcin04g04700
1853,AT4G27430,Bcin04g04700
1854,AT2G20180,Bcin04g04700
1855,AT2G20930,Bcin04g04700
1856,AT2G21280,Bcin04g04700
1857,AT2G21385,Bcin04g04700
1858,AT4G29750,Bcin04g04700
1859,AT2G21710,Bcin04g04700
1860,AT2G21830,Bcin04g04700
1861,AT2G22540,Bcin04g04700
1862,AT2G22980,Bcin04g04700
1863,AT3G09980,Bcin04g04700
1864,AT2G23470,Bcin04g04700
1865,AT2G23520,Bcin04g04700
1866,AT3G11500,Bcin04g04700
1867,AT2G23940,Bcin04g04700
1868,AT2G24120,Bcin04g04700
1869,AT3G12685,Bcin04g04700
1870,AT2G24630,Bcin04g04700
1871,AT2G24650,Bcin04g04700
1872,AT2G25000,Bcin04g04700
1873,AT2G25070,Bcin04g04700
1874,AT4G33000,Bcin04g04700
1875,AT2G25350,Bcin04g04700
1876,AT2G25710,Bcin04g04700
1877,AT5G39800,Bcin04g04700
1878,AT2G25950,Bcin04g04700
1879,AT2G26470,Bcin04g04700
1880,AT2G26900,Bcin04g04700
1881,AT2G26930,Bcin04g04700
1882,AT2G27230,Bcin04g04700
1883,AT4G35335,Bcin04g04700
1884,AT2G28310,Bcin04g04700
1885,AT2G38370,Bcin04g04700
1886,AT2G28605,Bcin04g04700
1887,AT2G28720,Bcin04g04700
1888,AT2G28870,Bcin04g04700
1889,AT2G29320,Bcin04g04700
1890,AT2G29360,Bcin04g04700
1891,AT3G17470,Bcin04g04700
1892,AT2G30280,Bcin04g04700
1893,AT2G30390,Bcin04g04700
1894,AT2G30695,Bcin04g04700
1895,AT2G31040,Bcin04g04700
1896,AT2G31150,Bcin04g04700
1897,AT2G31170,Bcin04g04700
1898,AT2G31190,Bcin04g04700
1899,AT5G02250,Bcin04g04700
1900,AT2G31320,Bcin04g04700
1901,AT5G02710,Bcin04g04700
1902,AT5G45610,Bcin04g04700
1903,AT2G31840,Bcin04g04700
1904,AT2G32180,Bcin04g04700
1905,AT2G32470,Bcin04g04700
1906,AT2G32480,Bcin04g04700
1907,AT5G04810,Bcin04g04700
1908,AT2G32970,Bcin04g04700
1909,AT2G33050,Bcin04g04700
1910,AT5G05610,Bcin04g04700
1911,AT5G05960,Bcin04g04700
1912,AT2G33990,Bcin04g04700
1913,AT5G06180,Bcin04g04700
1914,AT2G34470,Bcin04g04700
1915,AT2G35130,Bcin04g04700
1916,AT2G35260,Bcin04g04700
1917,AT5G49230,Bcin04g04700
1918,AT5G08580,Bcin04g04700
1919,AT2G37080,Bcin04g04700
1920,AT3G25805,Bcin04g04700
1921,AT2G37450,Bcin04g04700
1922,AT2G37678,Bcin04g04700
1923,AT2G37930,Bcin04g04700
1924,AT5G10946,Bcin04g04700
1925,AT5G25040,Bcin04g04700
1926,AT4G13970,Bcin04g04700
1927,AT2G38970,Bcin04g04700
1928,AT2G39090,Bcin04g04700
1929,AT2G39280,Bcin04g04700
1930,AT5G13520,Bcin04g04700
1931,AT5G13660,Bcin04g04700
1932,AT2G40770,Bcin04g04700
1933,AT2G41250,Bcin04g04700
1934,AT5G14320,Bcin04g04700
1935,AT5G14450,Bcin04g04700
1936,AT2G41820,Bcin04g04700
1937,AT2G42190,Bcin04g04700
1938,AT2G42320,Bcin04g04700
1939,AT2G42450,Bcin04g04700
1940,AT2G42690,Bcin04g04700
1941,AT2G43030,Bcin04g04700
1942,AT2G43560,Bcin04g04700
1943,AT5G16310,Bcin04g04700
1944,AT3G45310,Bcin04g04700
1945,AT5G16710,Bcin04g04700
1946,AT2G45250,Bcin04g04700
1947,AT5G18440,Bcin04g04700
1948,AT5G59750,Bcin04g04700
1949,AT2G45850,Bcin04g04700
1950,AT5G60840,Bcin04g04700
1951,AT5G60870,Bcin04g04700
1952,AT5G61420,Bcin04g04700
1953,AT3G49140,Bcin04g04700
1954,AT2G47220,Bcin04g04700
1955,AT2G47940,Bcin04g04700
1956,AT5G62350,Bcin04g04700
1957,AT3G01770,Bcin04g04700
1958,AT5G22640,Bcin04g04700
1959,AT3G02180,Bcin04g04700
1960,AT3G03040,Bcin04g04700
1961,AT3G03630,Bcin04g04700
1962,AT5G23550,Bcin04g04700
1963,AT5G24165,Bcin04g04700
1964,AT5G24314,Bcin04g04700
1965,AT5G42030,Bcin04g04700
1966,AT5G25080,Bcin04g04700
1967,AT3G52380,Bcin04g04700
1968,AT3G52905,Bcin04g04700
1969,AT3G53460,Bcin04g04700
1970,AT3G53470,Bcin04g04700
1971,AT3G53760,Bcin04g04700
1972,AT3G05520,Bcin04g04700
1973,AT3G05810,Bcin04g04700
1974,AT3G06980,Bcin04g04700
1975,AT3G54290,Bcin04g04700
1976,AT3G07200,Bcin04g04700
1977,AT5G27560,Bcin04g04700
1978,AT5G27950,Bcin04g04700
1979,AT3G08010,Bcin04g04700
1980,AT5G28030,Bcin04g04700
1981,AT5G35170,Bcin04g04700
1982,AT3G09050,Bcin04g04700
1983,AT3G09210,Bcin04g04700
1984,AT3G57470,Bcin04g04700
1985,AT3G10405,Bcin04g04700
1986,AT5G35995,Bcin04g04700
1987,AT3G58220,Bcin04g04700
1988,AT4G30620,Bcin04g04700
1989,AT3G59060,Bcin04g04700
1990,AT3G59110,Bcin04g04700
1991,AT5G38290,Bcin04g04700
1992,AT4G31650,Bcin04g04700
1993,AT3G13062,Bcin04g04700
1994,AT3G13120,Bcin04g04700
1995,AT3G60320,Bcin04g04700
1996,AT5G39530,Bcin04g04700
1997,AT5G39790,Bcin04g04700
1998,AT3G61700,Bcin04g04700
1999,AT5G08500,Bcin04g04700
2000,AT3G14150,Bcin04g04700
2001,AT3G14410,Bcin04g04700
2002,AT3G14930,Bcin04g04700
2003,AT3G15570,Bcin04g04700
2004,AT3G63170,Bcin04g04700
2005,AT3G26070,Bcin04g04700
2006,AT4G13830,Bcin04g04700
2007,AT5G11330,Bcin04g04700
2008,AT3G16260,Bcin04g04700
2009,AT3G16750,Bcin04g04700
2010,AT3G17170,Bcin04g04700
2011,AT3G17310,Bcin04g04700
2012,AT4G38020,Bcin04g04700
2013,AT3G17930,Bcin04g04700
2014,AT3G18390,Bcin04g04700
2015,AT3G19000,Bcin04g04700
2016,AT3G19400,Bcin04g04700
2017,AT3G19515,Bcin04g04700
2018,AT5G44520,Bcin04g04700
2019,AT4G04350,Bcin04g04700
2020,AT5G44930,Bcin04g04700
2021,AT3G20230,Bcin04g04700
2022,AT5G02670,Bcin04g04700
2023,AT4G09040,Bcin04g04700
2024,AT4G09350,Bcin04g04700
2025,AT5G45930,Bcin04g04700
2026,AT3G20820,Bcin04g04700
2027,AT3G21060,Bcin04g04700
2028,AT4G09890,Bcin04g04700
2029,AT3G21465,Bcin04g04700
2030,AT5G47190,Bcin04g04700
2031,AT5G05000,Bcin04g04700
2032,AT5G48590,Bcin04g04700
2033,AT3G23050,Bcin04g04700
2034,AT5G48660,Bcin04g04700
2035,AT5G06690,Bcin04g04700
2036,AT5G48840,Bcin04g04700
2037,AT3G23700,Bcin04g04700
2038,AT5G48910,Bcin04g04700
2039,AT3G50440,Bcin04g04700
2040,AT4G12990,Bcin04g04700
2041,AT5G08650,Bcin04g04700
2042,AT5G64330,Bcin04g04700
2043,AT5G50420,Bcin04g04700
2044,AT5G51350,Bcin04g04700
2045,AT5G64342,Bcin04g04700
2046,AT3G52150,Bcin04g04700
2047,AT3G52170,Bcin04g04700
2048,AT3G26710,Bcin04g04700
2049,AT5G53020,Bcin04g04700
2050,AT3G27420,Bcin04g04700
2051,AT3G27850,Bcin04g04700
2052,AT5G53490,Bcin04g04700
2053,AT5G53580,Bcin04g04700
2054,AT3G28140,Bcin04g04700
2055,AT5G13770,Bcin04g04700
2056,AT5G26980,Bcin04g04700
2057,AT3G54790,Bcin04g04700
2058,AT5G55210,Bcin04g04700
2059,AT3G29290,Bcin04g04700
2060,AT3G43540,Bcin04g04700
2061,AT3G43670,Bcin04g04700
2062,AT5G56520,Bcin04g04700
2063,AT3G44890,Bcin04g04700
2064,AT5G57340,Bcin04g04700
2065,AT4G16410,Bcin04g04700
2066,AT3G45780,Bcin04g04700
2067,AT4G16710,Bcin04g04700
2068,AT3G46990,Bcin04g04700
2069,AT4G17600,Bcin04g04700
2070,AT3G47450,Bcin04g04700
2071,AT5G18680,Bcin04g04700
2072,AT4G18070,Bcin04g04700
2073,AT4G18120,Bcin04g04700
2074,AT4G18810,Bcin04g04700
2075,AT3G49250,Bcin04g04700
2076,AT3G49470,Bcin04g04700
2077,AT4G19530,Bcin04g04700
2078,AT3G61220,Bcin04g04700
2079,AT4G33470,Bcin04g04700
2080,AT5G63530,Bcin04g04700
2081,AT4G21190,Bcin04g04700
2082,AT3G62030,Bcin04g04700
2083,AT3G51270,Bcin04g04700
2084,AT3G51510,Bcin04g04700
2085,AT5G41240,Bcin04g04700
2086,AT5G64341,Bcin04g04700
2087,AT3G56480,Bcin04g04700
2088,AT4G23670,Bcin04g04700
2089,AT5G25210,Bcin04g04700
2090,AT5G25630,Bcin04g04700
2091,AT4G24750,Bcin04g04700
2092,AT5G64980,Bcin04g04700
2093,AT4G26370,Bcin04g04700
2094,AT3G54050,Bcin04g04700
2095,AT5G26910,Bcin04g04700
2096,AT4G02920,Bcin04g04700
2097,AT4G39620,Bcin04g04700
2098,AT4G27700,Bcin04g04700
2099,AT3G56290,Bcin04g04700
2100,AT4G10470,Bcin04g04700
2101,AT5G67385,Bcin04g04700
2102,AT3G57040,Bcin04g04700
2103,AT3G57050,Bcin04g04700
2104,AT3G57320,Bcin04g04700
2105,AT5G35490,Bcin04g04700
2106,AT5G35750,Bcin04g04700
2107,AT5G35790,Bcin04g04700
2108,AT4G30580,Bcin04g04700
2109,AT5G04070,Bcin04g04700
2110,AT4G30690,Bcin04g04700
2111,AT5G04880,Bcin04g04700
2112,AT5G37340,Bcin04g04700
2113,AT5G40950,Bcin04g04700
2114,AT4G32270,Bcin04g04700
2115,AT4G32330,Bcin04g04700
2116,AT5G48800,Bcin04g04700
2117,AT3G60370,Bcin04g04700
2118,AT5G20140,Bcin04g04700
2119,AT4G33030,Bcin04g04700
2120,AT4G20360,Bcin04g04700
2121,AT3G61870,Bcin04g04700
2122,AT4G33740,Bcin04g04700
2123,AT3G62080,Bcin04g04700
2124,AT3G62750,Bcin04g04700
2125,AT5G10560,Bcin04g04700
2126,AT5G44200,Bcin04g04700
2127,AT4G40060,Bcin04g04700
2128,AT4G23430,Bcin04g04700
2129,AT4G36970,Bcin04g04700
2130,AT4G37560,Bcin04g04700
2131,AT4G14620,Bcin04g04700
2132,AT4G02020,Bcin04g04700
2133,AT5G43270,Bcin04g04700
2134,AT4G02260,Bcin04g04700
2135,AT4G02770,Bcin04g04700
2136,AT4G39460,Bcin04g04700
2137,AT5G43740,Bcin04g04700
2138,AT4G03935,Bcin04g04700
2139,AT5G59830,Bcin04g04700
2140,AT5G27390,Bcin04g04700
2141,AT4G15780,Bcin04g04700
2142,AT4G08280,Bcin04g04700
2143,AT5G45140,Bcin04g04700
2144,AT4G15930,Bcin04g04700
2145,AT5G57180,Bcin04g04700
2146,AT5G03050,Bcin04g04700
2147,AT4G09650,Bcin04g04700
2148,AT4G09730,Bcin04g04700
2149,AT5G17270,Bcin04g04700
2150,AT5G46420,Bcin04g04700
2151,AT4G13495,Bcin04g04700
2152,AT5G64340,Bcin04g04700
2153,AT4G34090,Bcin04g04700
2154,AT4G15560,Bcin04g04700
2155,AT4G29060,Bcin04g04700
2156,AT5G61480,Bcin04g04700
2157,AT4G11900,Bcin04g04700
2158,AT5G06980,Bcin04g04700
2159,AT4G14720,Bcin04g04700
2160,AT5G53170,Bcin04g04700
2161,AT5G22340,Bcin04g04700
2162,AT4G26555,Bcin04g04700
2163,AT4G21280,Bcin04g04700
2164,AT4G34020,Bcin04g04700
2165,AT5G65740,Bcin04g04700
2166,AT5G43920,Bcin04g04700
2167,AT4G39770,Bcin04g04700
2168,AT4G28830,Bcin04g04700
2169,AT5G64380,Bcin04g04700
2170,AT5G12250,Bcin04g04700
2171,AT5G64770,Bcin04g04700
2172,AT5G35480,Bcin04g04700
2173,AT5G64940,Bcin04g04700
2174,AT5G42770,Bcin04g04700
2175,AT5G03430,Bcin04g04700
2176,AT5G26742,Bcin04g04700
2177,AT5G42370,Bcin04g04700
2178,AT4G21585,Bcin04g04700
2179,AT5G23120,Bcin04g04700
2180,AT5G09990,Bcin04g04700
2181,AT5G46270,Bcin04g04700
2182,AT4G15790,Bcin04g04700
2183,AT5G16000,Bcin04g04700
2184,AT5G56210,Bcin04g04700
2185,AT5G40080,Bcin04g04700
2186,AT5G16030,Bcin04g04700
2187,AT5G16400,Bcin04g04700
2188,AT5G53150,Bcin04g04700
2189,AT5G20110,Bcin04g04700
2190,AT5G55230,Bcin04g04700
2191,AT5G14910,Bcin04g04700
2192,AT5G38980,Bcin04g04700
2193,AT5G64343,Bcin04g04700
2194,AT5G43310,Bcin04g04700
2195,AT5G52970,Bcin04g04700
2196,AT4G37920,Bcin04g04700
2197,AT5G13120,Bcin04g04700
2198,AT5G64580,Bcin04g04700
2199,AT5G15280,Bcin04g04700
2200,AT5G44190,Bcin04g04700
2201,AT5G28020,Bcin04g04700
2202,AT5G57660,Bcin04g04700
2203,AT5G67150,Bcin04g04700
2204,AT5G55220,Bcin04g04700
2205,AT4G29990,Bcin04g04700
2206,AT5G66910,Bcin04g04700
2207,AT5G15010,Bcin04g04700
2208,AT1G66070,Bcin04g05160
2209,AT3G59570,Bcin04g05160
2210,AT1G61360,Bcin04g05160
2211,AT1G26340,Bcin04g05160
2212,AT1G68340,Bcin04g05160
2213,AT1G70750,Bcin04g05160
2214,AT1G72450,Bcin04g05160
2215,AT4G36945,Bcin04g05160
2216,AT1G74450,Bcin04g05160
2217,AT1G61580,Bcin04g05160
2218,AT2G24545,Bcin04g05160
2219,AT5G02780,Bcin04g05160
2220,AT1G77420,Bcin04g05160
2221,AT4G17615,Bcin04g05160
2222,AT2G23320,Bcin04g05160
2223,AT4G34660,Bcin04g05160
2224,AT2G33120,Bcin04g05160
2225,AT1G18740,Bcin04g05160
2226,AT4G10390,Bcin04g05160
2227,AT2G04100,Bcin04g05160
2228,AT4G01895,Bcin04g05160
2229,AT4G30210,Bcin04g05160
2230,AT3G13430,Bcin04g05160
2231,AT1G57610,Bcin04g05160
2232,AT4G15233,Bcin04g05160
2233,AT2G32830,Bcin04g05160
2234,AT4G39540,Bcin04g05160
2235,AT2G41730,Bcin04g05160
2236,AT1G77885,Bcin04g05160
2237,AT1G68310,Bcin04g05160
2238,AT1G23220,Bcin04g05160
2239,AT4G14420,Bcin04g05160
2240,AT1G19020,Bcin04g05160
2241,AT1G25155,Bcin04g05160
2242,AT4G30060,Bcin04g05160
2243,AT1G24909,Bcin04g05160
2244,AT4G30340,Bcin04g05160
2245,AT2G29500,Bcin04g05160
2246,AT5G43420,Bcin04g05160
2247,AT1G14360,Bcin04g05160
2248,AT3G12145,Bcin04g05160
2249,AT5G47050,Bcin04g05160
2250,AT3G21560,Bcin04g05160
2251,AT3G12750,Bcin04g05160
2252,AT1G26390,Bcin04g05160
2253,AT1G12200,Bcin04g05160
2254,AT5G39040,Bcin04g05160
2255,AT5G39360,Bcin04g05160
2256,AT5G22140,Bcin04g05160
2257,AT1G74030,Bcin04g05160
2258,AT2G25737,Bcin04g05160
2259,AT4G10040,Bcin04g05160
2260,AT1G75020,Bcin04g05160
2261,AT5G09680,Bcin04g05160
2262,AT1G30755,Bcin04g05160
2263,AT3G26020,Bcin04g05160
2264,AT2G14750,Bcin04g05160
2265,AT2G37940,Bcin04g05160
2266,AT5G42150,Bcin04g05160
2267,AT3G26680,Bcin04g05160
2268,AT4G01750,Bcin04g05160
2269,AT4G37660,Bcin04g05160
2270,AT4G25900,Bcin04g05160
2271,AT1G76650,Bcin04g05160
2272,AT2G40095,Bcin04g05160
2273,AT5G13750,Bcin04g05160
2274,AT5G53820,Bcin04g05160
2275,AT3G28210,Bcin04g05160
2276,AT3G28450,Bcin04g05160
2277,AT4G39940,Bcin04g05160
2278,AT1G43860,Bcin04g05160
2279,AT2G31230,Bcin04g05160
2280,AT1G23550,Bcin04g05160
2281,AT3G08950,Bcin04g05160
2282,AT1G47380,Bcin04g05160
2283,AT4G16380,Bcin04g05160
2284,AT3G20510,Bcin04g05160
2285,AT4G30530,Bcin04g05160
2286,AT5G04020,Bcin04g05160
2287,AT1G25550,Bcin04g05160
2288,AT5G46750,Bcin04g05160
2289,AT3G47090,Bcin04g05160
2290,AT2G03505,Bcin04g05160
2291,AT5G48530,Bcin04g05160
2292,AT2G46330,Bcin04g05160
2293,AT3G59660,Bcin04g05160
2294,AT4G11820,Bcin04g05160
2295,AT5G61900,Bcin04g05160
2296,AT1G17170,Bcin04g05160
2297,AT3G49530,Bcin04g05160
2298,AT3G24503,Bcin04g05160
2299,AT1G04960,Bcin04g05160
2300,AT2G37430,Bcin04g05160
2301,AT5G64300,Bcin04g05160
2302,AT5G23510,Bcin04g05160
2303,AT1G06050,Bcin04g05160
2304,AT4G23190,Bcin04g05160
2305,AT3G52070,Bcin04g05160
2306,AT3G26440,Bcin04g05160
2307,AT1G07620,Bcin04g05160
2308,AT4G24380,Bcin04g05160
2309,AT4G24390,Bcin04g05160
2310,AT1G08930,Bcin04g05160
2311,AT5G25940,Bcin04g05160
2312,AT3G05280,Bcin04g05160
2313,AT5G65270,Bcin04g05160
2314,AT4G26650,Bcin04g05160
2315,AT3G54120,Bcin04g05160
2316,AT1G10700,Bcin04g05160
2317,AT3G28930,Bcin04g05160
2318,AT3G55470,Bcin04g05160
2319,AT5G44860,Bcin04g05160
2320,AT2G21520,Bcin04g05160
2321,AT1G60440,Bcin04g05160
2322,AT4G31460,Bcin04g00830
2323,AT1G28070,Bcin04g00830
2324,AT5G49980,Bcin04g00830
2325,AT1G43700,Bcin04g00830
2326,AT3G16230,Bcin04g00830
2327,AT1G15510,Bcin04g00830
2328,AT1G75730,Bcin04g00830
2329,AT2G03340,Bcin04g00830
2330,AT4G00930,Bcin04g00830
2331,AT2G41460,Bcin04g00830
2332,AT4G10920,Bcin04g00830
2333,AT2G46550,Bcin04g00830
2334,AT2G45810,Bcin04g00830
2335,AT2G04030,Bcin04g00830
2336,AT1G30290,Bcin04g00830
2337,AT5G51960,Bcin04g00830
2338,AT1G36320,Bcin04g00830
2339,AT3G13740,Bcin04g00830
2340,AT2G28360,Bcin04g00830
2341,AT4G14760,Bcin04g00830
2342,AT3G04560,Bcin04g00830
2343,AT3G59040,Bcin04g00830
2344,AT5G36950,Bcin04g00830
2345,AT4G31390,Bcin04g00830
2346,AT1G74560,Bcin04g00830
2347,AT1G64840,Bcin04g00830
2348,AT3G15610,Bcin04g00830
2349,AT3G59650,Bcin04g00830
2350,AT1G03475,Bcin04g00830
2351,AT3G13810,Bcin04g00830
2352,AT2G01680,Bcin04g00830
2353,AT1G29790,Bcin04g00830
2354,AT2G43970,Bcin04g00830
2355,AT4G20410,Bcin04g00830
2356,AT1G53460,Bcin04g00830
2357,AT5G49960,Bcin04g00830
2358,AT1G14410,Bcin04g00830
2359,AT4G00238,Bcin04g00830
2360,AT1G75410,Bcin04g00830
2361,AT2G33051,Bcin04g00830
2362,AT5G51730,Bcin04g00830
2363,AT3G13350,Bcin04g00830
2364,AT1G52420,Bcin04g00830
2365,AT4G12750,Bcin04g00830
2366,AT5G16070,Bcin04g00830
2367,AT3G61780,Bcin04g00830
2368,AT5G65020,Bcin04g00830
2369,AT1G76892,Bcin04g00830
2370,AT1G35620,Bcin04g00830
2371,AT3G07140,Bcin04g00830
2372,AT4G10090,Bcin04g00830
2373,AT5G14460,Bcin04g00830
2374,AT2G27800,Bcin04g00830
2375,AT4G05420,Bcin04g00830
2376,AT2G38800,Bcin04g00830
2377,AT4G32360,Bcin04g00830
2378,AT1G73940,Bcin04g00830
2379,AT2G04660,Bcin04g00830
2380,AT5G45470,Bcin04g00830
2381,AT5G08380,Bcin04g00830
2382,AT1G49180,Bcin04g00830
2383,AT5G37130,Bcin04g00830
2384,AT4G16950,Bcin04g00830
2385,AT4G15520,Bcin04g00830
2386,AT5G58920,Bcin04g00830
2387,AT1G03365,Bcin04g00830
2388,AT2G46180,Bcin04g00830
2389,AT1G50600,Bcin04g00830
2390,AT2G16600,Bcin04g00830
2391,AT2G31740,Bcin04g00830
2392,AT2G31530,Bcin04g00830
2393,AT5G07670,Bcin04g00830
2394,AT5G26180,Bcin04g00830
2395,AT4G38240,Bcin04g00830
2396,AT2G36720,Bcin04g00830
2397,AT5G49880,Bcin04g00830
2398,AT2G45660,Bcin04g00830
2399,AT4G01037,Bcin04g00830
2400,AT1G18690,Bcin04g00830
2401,AT5G10920,Bcin04g00830
2402,AT3G15590,Bcin04g00830
2403,AT1G73720,Bcin04g00830
2404,AT3G23080,Bcin04g00830
2405,AT2G25170,Bcin04g00830
2406,AT5G25900,Bcin04g00830
2407,AT3G01370,Bcin04g00830
2408,AT1G29030,Bcin04g00830
2409,AT1G34380,Bcin04g00830
2410,AT1G58250,Bcin04g00830
2411,AT5G65490,Bcin04g00830
2412,AT2G20050,Bcin04g00830
2413,AT4G27450,Bcin04g00830
2414,AT1G59990,Bcin04g00830
2415,AT1G22830,Bcin04g00830
2416,AT5G52820,Bcin04g00830
2417,AT1G07200,Bcin04g00830
2418,AT5G42540,Bcin04g00830
2419,AT4G08920,Bcin04g00830
2420,AT1G75840,Bcin04g00830
2421,AT1G09010,Bcin04g00830
2422,AT3G45260,Bcin04g00830
2423,AT2G45030,Bcin04g00830
2424,AT3G10740,Bcin04g00830
2425,AT5G58710,Bcin04g00830
2426,AT1G54380,Bcin04g00830
2427,AT5G37190,Bcin04g00830
2428,AT1G06190,Bcin04g00830
2429,AT3G48500,Bcin04g00830
2430,AT5G19140,Bcin04g00830
2431,AT4G30000,Bcin04g00830
2432,AT1G03960,Bcin04g00830
2433,AT1G79050,Bcin04g00830
2434,AT5G48830,Bcin04g00830
2435,AT2G39795,Bcin04g00830
2436,AT5G63420,Bcin04g00830
2437,AT5G22800,Bcin04g00830
2438,AT4G34030,Bcin04g00830
2439,AT3G50700,Bcin04g00830
2440,AT1G75380,Bcin04g00830
2441,AT2G14080,Bcin04g00830
2442,AT3G26030,Bcin04g00830
2443,AT5G01470,Bcin04g00830
2444,AT4G18905,Bcin04g00830
2445,AT3G05120,Bcin04g00830
2446,AT1G50840,Bcin04g00830
2447,AT5G58520,Bcin04g00830
2448,AT5G61930,Bcin04g00830
2449,AT4G02075,Bcin04g00830
2450,AT1G35115,Bcin04g00830
2451,AT3G07740,Bcin04g00830
2452,AT5G49840,Bcin04g00830
2453,AT4G02990,Bcin04g00830
2454,AT3G20290,Bcin04g00830
2455,AT1G25230,Bcin04g00830
2456,AT5G65960,Bcin04g00830
2457,AT3G13061,Bcin04g00830
2458,AT5G13300,Bcin04g00830
2459,AT1G73710,Bcin04g00830
2460,AT5G39960,Bcin04g00830
2461,AT3G26890,Bcin04g00830
2462,AT5G40520,Bcin04g00830
2463,AT5G62930,Bcin04g00830
2464,AT4G16520,Bcin04g00830
2465,AT3G07930,Bcin04g00830
2466,AT1G78850,Bcin05g02780
2467,AT2G18465,Bcin05g02780
2468,AT1G01250,Bcin06g05680
2469,AT1G01690,Bcin06g05680
2470,AT1G05140,Bcin06g05680
2471,AT1G06460,Bcin06g05680
2472,AT1G08520,Bcin06g05680
2473,AT1G10760,Bcin06g05680
2474,AT1G10820,Bcin06g05680
2475,AT1G11360,Bcin06g05680
2476,AT1G12770,Bcin06g05680
2477,AT1G12845,Bcin06g05680
2478,AT1G13640,Bcin06g05680
2479,AT1G13820,Bcin06g05680
2480,AT1G14580,Bcin06g05680
2481,AT4G16770,Bcin06g05680
2482,AT1G16720,Bcin06g05680
2483,AT1G20950,Bcin06g05680
2484,AT1G21460,Bcin06g05680
2485,AT1G21680,Bcin06g05680
2486,AT1G22160,Bcin06g05680
2487,AT1G22370,Bcin06g05680
2488,AT1G23400,Bcin06g05680
2489,AT1G24265,Bcin06g05680
2490,AT1G25530,Bcin06g05680
2491,AT1G31230,Bcin06g05680
2492,AT1G33265,Bcin06g05680
2493,AT1G33480,Bcin06g05680
2494,AT1G35720,Bcin06g05680
2495,AT1G49720,Bcin06g05680
2496,AT1G51080,Bcin06g05680
2497,AT1G53090,Bcin06g05680
2498,AT1G54310,Bcin06g05680
2499,AT1G55140,Bcin06g05680
2500,AT1G55675,Bcin06g05680
2501,AT1G56310,Bcin06g05680
2502,AT1G56460,Bcin06g05680
2503,AT1G60190,Bcin06g05680
2504,AT1G60690,Bcin06g05680
2505,AT2G33450,Bcin06g05680
2506,AT1G62330,Bcin06g05680
2507,AT1G67365,Bcin06g05680
2508,AT1G67840,Bcin06g05680
2509,AT2G38820,Bcin06g05680
2510,AT2G39250,Bcin06g05680
2511,AT1G72890,Bcin06g05680
2512,AT1G73170,Bcin06g05680
2513,AT2G41210,Bcin06g05680
2514,AT1G73470,Bcin06g05680
2515,AT1G74850,Bcin06g05680
2516,AT5G16820,Bcin06g05680
2517,AT1G78910,Bcin06g05680
2518,AT1G80480,Bcin06g05680
2519,AT2G01130,Bcin06g05680
2520,AT2G02740,Bcin06g05680
2521,AT2G04240,Bcin06g05680
2522,AT2G04280,Bcin06g05680
2523,AT5G43840,Bcin06g05680
2524,AT2G12400,Bcin06g05680
2525,AT3G12080,Bcin06g05680
2526,AT2G20770,Bcin06g05680
2527,AT2G21530,Bcin06g05680
2528,AT2G21820,Bcin06g05680
2529,AT2G21970,Bcin06g05680
2530,AT2G22420,Bcin06g05680
2531,AT2G22840,Bcin06g05680
2532,AT2G23390,Bcin06g05680
2533,AT2G23610,Bcin06g05680
2534,AT2G24090,Bcin06g05680
2535,AT5G57100,Bcin06g05680
2536,AT5G57930,Bcin06g05680
2537,AT2G26330,Bcin06g05680
2538,AT2G26360,Bcin06g05680
2539,AT2G26840,Bcin06g05680
2540,AT5G60680,Bcin06g05680
2541,AT2G27680,Bcin06g05680
2542,AT2G32645,Bcin06g05680
2543,AT3G47500,Bcin06g05680
2544,AT2G33250,Bcin06g05680
2545,AT3G48410,Bcin06g05680
2546,AT2G36250,Bcin06g05680
2547,AT2G37200,Bcin06g05680
2548,AT3G51820,Bcin06g05680
2549,AT3G52840,Bcin06g05680
2550,AT3G53240,Bcin06g05680
2551,AT2G40130,Bcin06g05680
2552,AT2G41190,Bcin06g05680
2553,AT3G56690,Bcin06g05680
2554,AT2G41620,Bcin06g05680
2555,AT2G42620,Bcin06g05680
2556,AT2G43010,Bcin06g05680
2557,AT2G47910,Bcin06g05680
2558,AT3G01310,Bcin06g05680
2559,AT3G04260,Bcin06g05680
2560,AT3G04550,Bcin06g05680
2561,AT3G05936,Bcin06g05680
2562,AT5G28500,Bcin06g05680
2563,AT3G07310,Bcin06g05680
2564,AT3G10020,Bcin06g05680
2565,AT4G21650,Bcin06g05680
2566,AT3G13180,Bcin06g05680
2567,AT3G13674,Bcin06g05680
2568,AT4G23890,Bcin06g05680
2569,AT3G15380,Bcin06g05680
2570,AT5G49120,Bcin06g05680
2571,AT3G18000,Bcin06g05680
2572,AT3G18500,Bcin06g05680
2573,AT3G19780,Bcin06g05680
2574,AT3G21580,Bcin06g05680
2575,AT3G21760,Bcin06g05680
2576,AT3G22550,Bcin06g05680
2577,AT3G24520,Bcin06g05680
2578,AT4G32910,Bcin06g05680
2579,AT3G28270,Bcin06g05680
2580,AT3G44735,Bcin06g05680
2581,AT4G36660,Bcin06g05680
2582,AT3G45770,Bcin06g05680
2583,AT4G37470,Bcin06g05680
2584,AT4G37510,Bcin06g05680
2585,AT4G38430,Bcin06g05680
2586,AT3G48820,Bcin06g05680
2587,AT3G48830,Bcin06g05680
2588,AT4G38970,Bcin06g05680
2589,AT4G30720,Bcin06g05680
2590,AT4G17740,Bcin06g05680
2591,AT3G53510,Bcin06g05680
2592,AT3G54090,Bcin06g05680
2593,AT5G03940,Bcin06g05680
2594,AT5G47640,Bcin06g05680
2595,AT5G10930,Bcin06g05680
2596,AT3G61880,Bcin06g05680
2597,AT3G62550,Bcin06g05680
2598,AT3G62910,Bcin06g05680
2599,AT3G63520,Bcin06g05680
2600,AT5G23980,Bcin06g05680
2601,AT4G29905,Bcin06g05680
2602,AT5G54980,Bcin06g05680
2603,AT4G30920,Bcin06g05680
2604,AT4G31115,Bcin06g05680
2605,AT5G44670,Bcin06g05680
2606,AT5G58000,Bcin06g05680
2607,AT4G34830,Bcin06g05680
2608,AT5G48440,Bcin06g05680
2609,AT4G24090,Bcin06g05680
2610,AT5G64860,Bcin06g05680
2611,AT5G51110,Bcin06g05680
2612,AT4G27710,Bcin06g05680
2613,AT4G29400,Bcin06g05680
2614,AT4G38580,Bcin06g05680
2615,AT5G03230,Bcin06g05680
2616,AT5G57040,Bcin06g05680
2617,AT5G42310,Bcin06g05680
2618,AT5G57960,Bcin06g05680
2619,AT5G15500,Bcin06g05680
2620,AT5G18570,Bcin06g05680
2621,AT4G36900,Bcin06g05680
2622,AT5G52440,Bcin06g05680
2623,AT5G20935,Bcin06g05680
2624,AT5G52030,Bcin06g05680
2625,AT3G57190,Bcin06g06720
2626,AT3G48110,Bcin06g06720
2627,AT3G44798,Bcin06g06720
2628,AT3G06210,Bcin06g06720
2629,AT1G72310,Bcin06g06720
2630,AT4G19890,Bcin06g06720
2631,AT1G70180,Bcin06g06720
2632,AT4G22120,Bcin06g06720
2633,AT1G73380,Bcin06g06720
2634,AT5G05680,Bcin06g06720
2635,AT5G02650,Bcin06g06720
2636,AT3G17950,Bcin06g06720
2637,AT1G75370,Bcin06g06720
2638,AT1G60790,Bcin06g06720
2639,AT3G60070,Bcin06g06720
2640,AT4G15810,Bcin06g06720
2641,AT2G37360,Bcin06g06720
2642,AT4G39470,Bcin06g06720
2643,AT4G39550,Bcin06g06720
2644,AT2G04890,Bcin06g06720
2645,AT2G17650,Bcin06g06720
2646,AT5G44920,Bcin06g06720
2647,AT4G22280,Bcin06g06720
2648,AT3G13980,Bcin06g06720
2649,AT5G49020,Bcin06g06720
2650,AT4G25515,Bcin06g06720
2651,AT4G27610,Bcin06g06720
2652,AT4G38440,Bcin06g06720
2653,AT4G01915,Bcin06g06720
2654,AT5G26622,Bcin06g06720
2655,AT1G14590,Bcin06g06720
2656,AT2G25840,Bcin06g06720
2657,AT2G26070,Bcin06g06720
2658,AT3G27990,Bcin06g06720
2659,AT4G34730,Bcin06g06720
2660,AT5G58960,Bcin06g06720
2661,AT2G27590,Bcin06g06720
2662,AT5G60850,Bcin06g06720
2663,AT2G32650,Bcin06g06720
2664,AT3G04717,Bcin09g03390
2665,AT3G04717,Bcin09g03390
2666,AT2G01890,Bcin09g03390
2667,AT2G01890,Bcin09g03390
2668,AT4G24110,Bcin09g03390
2669,AT4G25120,Bcin09g03390
2670,AT4G25120,Bcin09g03390
2671,AT4G24110,Bcin09g03390
2672,AT2G20635,Bcin09g03390
2673,AT2G20635,Bcin09g03390
2674,AT5G05290,Bcin09g03390
2675,AT5G05290,Bcin09g03390
2676,AT1G01550,Bcin09g06590
2677,AT1G01550,Bcin09g06590
2678,AT1G01550,Bcin09g06590
2679,AT1G01550,Bcin09g06590
2680,AT1G03080,Bcin09g06590
2681,AT1G03080,Bcin09g06590
2682,AT1G03080,Bcin09g06590
2683,AT1G03080,Bcin09g06590
2684,AT1G05960,Bcin09g06590
2685,AT1G05960,Bcin09g06590
2686,AT1G05960,Bcin09g06590
2687,AT1G05960,Bcin09g06590
2688,AT1G08620,Bcin09g06590
2689,AT1G08620,Bcin09g06590
2690,AT1G08620,Bcin09g06590
2691,AT1G08620,Bcin09g06590
2692,AT1G10050,Bcin09g06590
2693,AT1G10050,Bcin09g06590
2694,AT1G10050,Bcin09g06590
2695,AT1G10050,Bcin09g06590
2696,AT1G26880,Bcin09g06590
2697,AT1G26880,Bcin09g06590
2698,AT1G26880,Bcin09g06590
2699,AT1G26880,Bcin09g06590
2700,AT1G31870,Bcin09g06590
2701,AT1G31870,Bcin09g06590
2702,AT1G31870,Bcin09g06590
2703,AT1G31870,Bcin09g06590
2704,AT1G53570,Bcin09g06590
2705,AT1G53570,Bcin09g06590
2706,AT1G53570,Bcin09g06590
2707,AT1G53570,Bcin09g06590
2708,AT1G60850,Bcin09g06590
2709,AT1G60850,Bcin09g06590
2710,AT1G60850,Bcin09g06590
2711,AT1G60850,Bcin09g06590
2712,AT1G68990,Bcin09g06590
2713,AT1G68990,Bcin09g06590
2714,AT1G68990,Bcin09g06590
2715,AT1G68990,Bcin09g06590
2716,AT1G78870,Bcin09g06590
2717,AT1G78870,Bcin09g06590
2718,AT1G78870,Bcin09g06590
2719,AT1G78870,Bcin09g06590
2720,AT1G79920,Bcin09g06590
2721,AT1G79920,Bcin09g06590
2722,AT1G79920,Bcin09g06590
2723,AT1G79920,Bcin09g06590
2724,AT4G16210,Bcin09g06590
2725,AT4G21670,Bcin09g06590
2726,AT2G14120,Bcin09g06590
2727,AT2G14120,Bcin09g06590
2728,AT2G14120,Bcin09g06590
2729,AT2G14120,Bcin09g06590
2730,AT2G18750,Bcin09g06590
2731,AT2G18750,Bcin09g06590
2732,AT2G18750,Bcin09g06590
2733,AT2G18750,Bcin09g06590
2734,AT4G27500,Bcin09g06590
2735,AT4G27500,Bcin09g06590
2736,AT2G27020,Bcin09g06590
2737,AT2G27020,Bcin09g06590
2738,AT2G27020,Bcin09g06590
2739,AT2G27020,Bcin09g06590
2740,AT2G30440,Bcin09g06590
2741,AT2G30440,Bcin09g06590
2742,AT2G30440,Bcin09g06590
2743,AT2G30440,Bcin09g06590
2744,AT2G35510,Bcin09g06590
2745,AT2G35510,Bcin09g06590
2746,AT2G35510,Bcin09g06590
2747,AT2G35510,Bcin09g06590
2748,AT2G46520,Bcin09g06590
2749,AT2G46520,Bcin09g06590
2750,AT2G46520,Bcin09g06590
2751,AT2G46520,Bcin09g06590
2752,AT5G07740,Bcin09g06590
2753,AT5G07740,Bcin09g06590
2754,AT3G07680,Bcin09g06590
2755,AT3G07680,Bcin09g06590
2756,AT3G07680,Bcin09g06590
2757,AT3G07680,Bcin09g06590
2758,AT3G11880,Bcin09g06590
2759,AT3G11880,Bcin09g06590
2760,AT3G11880,Bcin09g06590
2761,AT3G11880,Bcin09g06590
2762,AT3G12570,Bcin09g06590
2763,AT3G12570,Bcin09g06590
2764,AT3G12570,Bcin09g06590
2765,AT3G12570,Bcin09g06590
2766,AT3G13940,Bcin09g06590
2767,AT3G13940,Bcin09g06590
2768,AT3G13940,Bcin09g06590
2769,AT3G13940,Bcin09g06590
2770,AT3G17900,Bcin09g06590
2771,AT3G17900,Bcin09g06590
2772,AT3G17900,Bcin09g06590
2773,AT3G17900,Bcin09g06590
2774,AT3G21480,Bcin09g06590
2775,AT3G21480,Bcin09g06590
2776,AT3G21480,Bcin09g06590
2777,AT3G21480,Bcin09g06590
2778,AT3G26080,Bcin09g06590
2779,AT3G26080,Bcin09g06590
2780,AT3G26080,Bcin09g06590
2781,AT3G26080,Bcin09g06590
2782,AT3G45640,Bcin09g06590
2783,AT3G45640,Bcin09g06590
2784,AT3G45640,Bcin09g06590
2785,AT3G45640,Bcin09g06590
2786,AT3G45740,Bcin09g06590
2787,AT3G45740,Bcin09g06590
2788,AT3G45740,Bcin09g06590
2789,AT3G45740,Bcin09g06590
2790,AT3G46060,Bcin09g06590
2791,AT3G46060,Bcin09g06590
2792,AT3G46060,Bcin09g06590
2793,AT3G46060,Bcin09g06590
2794,AT3G47670,Bcin09g06590
2795,AT3G47670,Bcin09g06590
2796,AT3G47670,Bcin09g06590
2797,AT3G47670,Bcin09g06590
2798,AT3G48760,Bcin09g06590
2799,AT3G48760,Bcin09g06590
2800,AT3G48760,Bcin09g06590
2801,AT3G48760,Bcin09g06590
2802,AT3G55050,Bcin09g06590
2803,AT3G55050,Bcin09g06590
2804,AT3G55050,Bcin09g06590
2805,AT3G55050,Bcin09g06590
2806,AT3G57530,Bcin09g06590
2807,AT3G57530,Bcin09g06590
2808,AT3G57530,Bcin09g06590
2809,AT3G57530,Bcin09g06590
2810,AT3G60800,Bcin09g06590
2811,AT3G60800,Bcin09g06590
2812,AT3G60800,Bcin09g06590
2813,AT3G60800,Bcin09g06590
2814,AT3G62310,Bcin09g06590
2815,AT3G62310,Bcin09g06590
2816,AT3G62310,Bcin09g06590
2817,AT3G62310,Bcin09g06590
2818,AT3G62570,Bcin09g06590
2819,AT3G62570,Bcin09g06590
2820,AT3G62570,Bcin09g06590
2821,AT3G62570,Bcin09g06590
2822,AT4G03260,Bcin09g06590
2823,AT4G03260,Bcin09g06590
2824,AT4G03260,Bcin09g06590
2825,AT4G03260,Bcin09g06590
2826,AT4G08460,Bcin09g06590
2827,AT4G08460,Bcin09g06590
2828,AT4G08460,Bcin09g06590
2829,AT4G08460,Bcin09g06590
2830,AT4G13350,Bcin09g06590
2831,AT4G13350,Bcin09g06590
2832,AT4G13350,Bcin09g06590
2833,AT4G13350,Bcin09g06590
2834,AT4G13370,Bcin09g06590
2835,AT4G13370,Bcin09g06590
2836,AT4G13370,Bcin09g06590
2837,AT4G13370,Bcin09g06590
2838,AT4G15260,Bcin09g06590
2839,AT4G15260,Bcin09g06590
2840,AT4G15260,Bcin09g06590
2841,AT4G15260,Bcin09g06590
2842,AT4G16210,Bcin09g06590
2843,AT4G16210,Bcin09g06590
2844,AT4G16210,Bcin09g06590
2845,AT5G13850,Bcin09g06590
2846,AT5G13850,Bcin09g06590
2847,AT4G21670,Bcin09g06590
2848,AT4G21670,Bcin09g06590
2849,AT4G21670,Bcin09g06590
2850,AT5G14780,Bcin09g06590
2851,AT5G14780,Bcin09g06590
2852,AT5G16280,Bcin09g06590
2853,AT5G16280,Bcin09g06590
2854,AT4G27500,Bcin09g06590
2855,AT5G16280,Bcin09g06590
2856,AT5G44290,Bcin09g06590
2857,AT4G27500,Bcin09g06590
2858,AT4G31750,Bcin09g06590
2859,AT4G31750,Bcin09g06590
2860,AT4G31750,Bcin09g06590
2861,AT4G31750,Bcin09g06590
2862,AT5G02270,Bcin09g06590
2863,AT5G02270,Bcin09g06590
2864,AT5G02270,Bcin09g06590
2865,AT5G02270,Bcin09g06590
2866,AT5G04410,Bcin09g06590
2867,AT5G04410,Bcin09g06590
2868,AT5G04410,Bcin09g06590
2869,AT5G04410,Bcin09g06590
2870,AT5G58430,Bcin09g06590
2871,AT5G58430,Bcin09g06590
2872,AT5G07740,Bcin09g06590
2873,AT5G44290,Bcin09g06590
2874,AT5G13850,Bcin09g06590
2875,AT5G07740,Bcin09g06590
2876,AT5G10600,Bcin09g06590
2877,AT5G10600,Bcin09g06590
2878,AT5G10600,Bcin09g06590
2879,AT5G10600,Bcin09g06590
2880,AT5G11900,Bcin09g06590
2881,AT5G11900,Bcin09g06590
2882,AT5G11900,Bcin09g06590
2883,AT5G11900,Bcin09g06590
2884,AT5G13850,Bcin09g06590
2885,AT5G44290,Bcin09g06590
2886,AT5G49930,Bcin09g06590
2887,AT5G49930,Bcin09g06590
2888,AT5G14780,Bcin09g06590
2889,AT5G14780,Bcin09g06590
2890,AT5G16280,Bcin09g06590
2891,AT5G57990,Bcin09g06590
2892,AT5G57990,Bcin09g06590
2893,AT5G57990,Bcin09g06590
2894,AT5G49930,Bcin09g06590
2895,AT5G58430,Bcin09g06590
2896,AT5G58430,Bcin09g06590
2897,AT5G44290,Bcin09g06590
2898,AT5G57990,Bcin09g06590
2899,AT5G49930,Bcin09g06590
